ds,trend,yhat_lower,yhat_upper,trend_lower,trend_upper,T,T_lower,T_upper,T_t+1,T_t+1_lower,T_t+1_upper,T_t+2,T_t+2_lower,T_t+2_upper,T_t+3,T_t+3_lower,T_t+3_upper,V,V_lower,V_upper,extra_regressors_multiplicative,extra_regressors_multiplicative_lower,extra_regressors_multiplicative_upper,is_holiday,is_holiday_lower,is_holiday_upper,is_shortday,is_shortday_lower,is_shortday_upper,is_weekend,is_weekend_lower,is_weekend_upper,is_workday,is_workday_lower,is_workday_upper,multiplicative_terms,multiplicative_terms_lower,multiplicative_terms_upper,weekly,weekly_lower,weekly_upper,yearly,yearly_lower,yearly_upper,additive_terms,additive_terms_lower,additive_terms_upper,yhat,y
2019-12-07,122.7911216053112,35.00233847522559,41.68355784607248,122.7911216053112,122.7911216053112,-0.020154653851857333,-0.020154653851857333,-0.020154653851857333,-0.0030154671407533872,-0.0030154671407533872,-0.0030154671407533872,0.0100325740260214,0.0100325740260214,0.0100325740260214,0.043009344207653025,0.043009344207653025,0.043009344207653025,0.08444990151373341,0.08444990151373341,0.08444990151373341,-0.7069413012452028,-0.7069413012452028,-0.7069413012452028,0.0,0.0,0.0,0.0,0.0,0.0,-0.821263,-0.821263,-0.821263,0.0,0.0,0.0,-0.686872204876769,-0.686872204876769,-0.686872204876769,-0.0002357026791246333,-0.0002357026791246333,-0.0002357026791246333,0.020304799047558393,0.020304799047558393,0.020304799047558393,0.0,0.0,0.0,38.44931316897963,37.679617325137386
2019-12-08,122.79077343203147,34.4255914043577,41.547424525407585,122.79077343203147,122.79077343203147,-0.021910895626832683,-0.021910895626832683,-0.021910895626832683,-0.0025320113575478735,-0.0025320113575478735,-0.0025320113575478735,0.008116526056963037,0.008116526056963037,0.008116526056963037,0.04808639393641765,0.04808639393641765,0.04808639393641765,0.07947990656869104,0.07947990656869104,0.07947990656869104,-0.7100230804223088,-0.7100230804223088,-0.7100230804223088,0.0,0.0,0.0,0.0,0.0,0.0,-0.821263,-0.821263,-0.821263,0.0,0.0,0.0,-0.6892882800946002,-0.6892882800946002,-0.6892882800946002,0.0004050230178101826,0.0004050230178101826,0.0004050230178101826,0.02032977730989842,0.02032977730989842,0.02032977730989842,0.0,0.0,0.0,38.15253240158077,39.091120112133474
2019-12-09,122.79042525875174,38.86638540689549,45.79143714909758,122.79042525875174,122.79042525875174,-0.01839841207688198,-0.01839841207688198,-0.01839841207688198,-0.0020485555743423598,-0.0020485555743423598,-0.0020485555743423598,0.009074550041492218,0.009074550041492218,0.009074550041492218,0.08362574203777004,0.08362574203777004,0.08362574203777004,0.07307372653975869,0.07307372653975869,0.07307372653975869,-0.6772039490322033,-0.6772039490322033,-0.6772039490322033,0.0,0.0,0.0,0.0,0.0,0.0,0.0,0.0,0.0,-0.822531,-0.822531,-0.822531,-0.6563810691255554,-0.6563810691255554,-0.6563810691255554,0.0005121229484703703,0.0005121229484703703,0.0005121229484703703,0.020310756958177568,0.020310756958177568,0.020310756958177568,0.0,0.0,0.0,42.19311464903067,41.684986513039235
2019-12-10,122.790077085472,37.70370938122889,44.682403419234696,122.790077085472,122.790077085472,-0.014885928526931278,-0.014885928526931278,-0.014885928526931278,-0.002290283465945117,-0.002290283465945117,-0.002290283465945117,0.015780717933196485,0.015780717933196485,0.015780717933196485,0.06839459285147614,0.06839459285147614,0.06839459285147614,0.06773129069837609,0.06773129069837609,0.06773129069837609,-0.6878006105098277,-0.6878006105098277,-0.6878006105098277,0.0,0.0,0.0,0.0,0.0,0.0,0.0,0.0,0.0,-0.822531,-0.822531,-0.822531,-0.6671074331300344,-0.6671074331300344,-0.6671074331300344,0.0004427348601206408,0.0004427348601206408,0.0004427348601206408,0.020250442519672607,0.020250442519672607,0.020250442519672607,0.0,0.0,0.0,40.87590394714372,39.855825570535714
2019-12-11,122.78972891219227,33.44272154400981,40.18478773926118,122.78972891219227,122.78972891219227,-0.01664217030190663,-0.01664217030190663,-0.01664217030190663,-0.003982378707164415,-0.003982378707164415,-0.003982378707164415,0.012906645979608942,0.012906645979608942,0.012906645979608942,0.03793229447888839,0.03793229447888839,0.03793229447888839,0.07380564666594475,0.07380564666594475,0.07380564666594475,-0.718510961884629,-0.718510961884629,-0.718510961884629,0.0,0.0,0.0,0.0,0.0,0.0,0.0,0.0,0.0,-0.822531,-0.822531,-0.822531,-0.6990393753155122,-0.6990393753155122,-0.6990393753155122,-0.0006807048220083062,-0.0006807048220083062,-0.0006807048220083062,0.020152291391125118,0.020152291391125118,0.020152291391125118,0.0,0.0,0.0,36.9548735182523,35.733282603357615
2019-12-12,122.78938073891254,30.81370823820337,37.61921296435565,122.78938073891254,122.78938073891254,-0.02893586272673409,-0.02893586272673409,-0.02893586272673409,-0.0032571950323561443,-0.0032571950323561443,-0.0032571950323561443,0.007158502072433857,0.007158502072433857,0.007158502072433857,0.02270114529259452,0.02270114529259452,0.02270114529259452,0.08496826568205681,0.08496826568205681,0.08496826568205681,-0.739896144712005,-0.739896144712005,-0.739896144712005,0.0,0.0,0.0,0.0,0.0,0.0,0.0,0.0,0.0,-0.822531,-0.822531,-0.822531,-0.720604597803109,-0.720604597803109,-0.720604597803109,-0.000728891100001298,-0.000728891100001298,-0.000728891100001298,0.020020438008897357,0.020020438008897357,0.020020438008897357,0.0,0.0,0.0,34.30678841705564,33.577950114157666
2019-12-13,122.78903256563282,31.842999186681833,38.69301808017676,122.78903256563237,122.78903256563282,-0.023667137401808036,-0.023667137401808036,-0.023667137401808036,-0.001806827682739603,-0.001806827682739603,-0.001806827682739603,0.0042844301188463135,0.0042844301188463135,0.0042844301188463135,0.032855244750123774,0.032855244750123774,0.032855244750123774,0.07709653153522898,0.07709653153522898,0.07709653153522898,-0.7337687586803486,-0.7337687586803486,-0.7337687586803486,0.0,0.0,0.0,0.0,0.0,0.0,0.0,0.0,0.0,-0.822531,-0.822531,-0.822531,-0.7136237381728694,-0.7136237381728694,-0.7136237381728694,0.00028541777473379886,0.00028541777473379886,0.00028541777473379886,0.0198596027327455,0.0198596027327455,0.0198596027327455,0.0,0.0,0.0,35.16386413951573,33.930234105136925
2019-12-14,122.7886843923531,32.185264698496994,39.41543910963462,122.78868439217351,122.78868439235508,-0.013129686751955924,-0.013129686751955924,-0.013129686751955924,-0.0010816440079313323,-0.0010816440079313323,-0.0010816440079313323,0.0062004780879046754,0.0062004780879046754,0.0062004780879046754,0.043009344207653025,0.043009344207653025,0.043009344207653025,0.059355303033987755,0.059355303033987755,0.059355303033987755,-0.7269092054303418,-0.7269092054303418,-0.7269092054303418,0.0,0.0,0.0,0.0,0.0,0.0,-0.821263,-0.821263,-0.821263,0.0,0.0,0.0,-0.7074699202298712,-0.7074699202298712,-0.7074699202298712,-0.00023570267912486977,-0.00023570267912486977,-0.00023570267912486977,0.019674987879595478,0.019674987879595478,0.019674987879595478,0.0,0.0,0.0,35.91938364016422,34.255413815383505
2019-12-15,122.78833621907337,32.1951729406172,39.33647876311762,122.78833621841338,122.78833621940261,-0.007860961427029871,-0.007860961427029871,-0.007860961427029871,-0.0015650997911368463,-0.0015650997911368463,-0.0015650997911368463,0.008116526056963037,0.008116526056963037,0.008116526056963037,0.043009344207653025,0.043009344207653025,0.043009344207653025,0.05007990032952069,0.05007990032952069,0.05007990032952069,-0.72948329062403,-0.72948329062403,-0.72948329062403,0.0,0.0,0.0,0.0,0.0,0.0,-0.821263,-0.821263,-0.821263,0.0,0.0,0.0,-0.7096061039719519,-0.7096061039719519,-0.7096061039719519,0.000405023017809927,0.000405023017809927,0.000405023017809927,0.019472163634268073,0.019472163634268073,0.019472163634268073,0.0,0.0,0.0,35.656983341458606,34.18147543419984
2019-12-16,122.78798804579364,30.842373722788967,37.67660556435788,122.78798804433005,122.78798804631424,-0.011373444976980574,-0.011373444976980574,-0.011373444976980574,-0.0020485555743423598,-0.0020485555743423598,-0.0020485555743423598,0.008116526056963037,0.008116526056963037,0.008116526056963037,0.032855244750123774,0.032855244750123774,0.032855244750123774,0.05159594293503182,0.05159594293503182,0.05159594293503182,-0.7433852868092043,-0.7433852868092043,-0.7433852868092043,0.0,0.0,0.0,0.0,0.0,0.0,0.0,0.0,0.0,-0.822531,-0.822531,-0.822531,-0.7236162170821804,-0.7236162170821804,-0.7236162170821804,0.0005121229484689699,0.0005121229484689699,0.0005121229484689699,0.01925694677855493,0.01925694677855493,0.01925694677855493,0.0,0.0,0.0,33.93660863296446,33.24481562634876
2019-12-17,122.7876398725139,31.347023902366267,38.19398665938859,122.78763987008564,122.78763987402759,-0.014885928526931278,-0.014885928526931278,-0.014885928526931278,-0.0020485555743423598,-0.0020485555743423598,-0.0020485555743423598,0.0062004780879046754,0.0062004780879046754,0.0062004780879046754,0.043009344207653025,0.043009344207653025,0.043009344207653025,0.052995343157026586,0.052995343157026586,0.052995343157026586,-0.7372603186486894,-0.7372603186486894,-0.7372603186486894,0.0,0.0,0.0,0.0,0.0,0.0,0.0,0.0,0.0,-0.822531,-0.822531,-0.822531,-0.7177823084745001,-0.7177823084745001,-0.7177823084745001,0.00044273486012336253,0.00044273486012336253,0.00044273486012336253,0.019035275314065892,0.019035275314065892,0.019035275314065892,0.0,0.0,0.0,34.6528442726853,34.67643570237425
2019-12-18,122.78729169923417,30.532764740653406,37.632375253753125,122.7872916963826,122.78729170163663,-0.014885928526931278,-0.014885928526931278,-0.014885928526931278,-0.0015650997911368463,-0.0015650997911368463,-0.0015650997911368463,0.008116526056963037,0.008116526056963037,0.008116526056963037,0.03793229447888839,0.03793229447888839,0.03793229447888839,0.052677151757680375,0.052677151757680375,0.052677151757680375,-0.7402560560245364,-0.7402560560245364,-0.7402560560245364,0.0,0.0,0.0,0.0,0.0,0.0,0.0,0.0,0.0,-0.822531,-0.822531,-0.822531,-0.7221236787416269,-0.7221236787416269,-0.7221236787416269,-0.000680704822008326,-0.000680704822008326,-0.000680704822008326,0.018813082104917854,0.018813082104917854,0.018813082104917854,0.0,0.0,0.0,34.11968091466197,35.137369811807325
2019-12-19,122.78694352595444,29.903286418125493,36.470763250541324,122.78694352253576,122.78694352875253,-0.011373444976980574,-0.011373444976980574,-0.011373444976980574,-0.0020485555743423598,-0.0020485555743423598,-0.0020485555743423598,0.007158502072433857,0.007158502072433857,0.007158502072433857,0.032855244750123774,0.032855244750123774,0.032855244750123774,0.0486462669830847,0.0486462669830847,0.0486462669830847,-0.7472929867456806,-0.7472929867456806,-0.7472929867456806,0.0,0.0,0.0,0.0,0.0,0.0,0.0,0.0,0.0,-0.822531,-0.822531,-0.822531,-0.7294257072120297,-0.7294257072120297,-0.7294257072120297,-0.0007288910999994337,-0.0007288910999994337,-0.0007288910999994337,0.01859617063365037,0.01859617063365037,0.01859617063365037,0.0,0.0,0.0,33.22299040813157,34.66370561388886
2019-12-20,122.78659535267471,29.039821124532953,35.646296979466655,122.78659534808408,122.78659535591285,-0.014885928526931278,-0.014885928526931278,-0.014885928526931278,-0.001806827682739603,-0.001806827682739603,-0.001806827682739603,0.0062004780879046754,0.0062004780879046754,0.0062004780879046754,0.02270114529259452,0.02270114529259452,0.02270114529259452,0.05480719704444391,0.05480719704444391,0.05480719704444391,-0.7555149357847277,-0.7555149357847277,-0.7555149357847277,0.0,0.0,0.0,0.0,0.0,0.0,0.0,0.0,0.0,-0.822531,-0.822531,-0.822531,-0.7368394221600967,-0.7368394221600967,-0.7368394221600967,0.00028541777473314954,0.00028541777473314954,0.00028541777473314954,0.01839009584989788,0.01839009584989788,0.01839009584989788,0.0,0.0,0.0,32.312591384004264,33.114970741576236
2019-12-21,122.78624717939498,28.066686889268308,34.89859804175314,122.78624717415873,122.78624718325153,-0.013129686751955924,-0.013129686751955924,-0.013129686751955924,-0.0015650997911368463,-0.0015650997911368463,-0.0015650997911368463,0.0042844301188463135,0.0042844301188463135,0.0042844301188463135,0.01254704583506527,0.01254704583506527,0.01254704583506527,0.05679081187261534,0.05679081187261534,0.05679081187261534,-0.7623354987165658,-0.7623354987165658,-0.7623354987165658,0.0,0.0,0.0,0.0,0.0,0.0,-0.821263,-0.821263,-0.821263,0.0,0.0,0.0,-0.7443711484953595,-0.7443711484953595,-0.7443711484953595,-0.0002357026791246326,-0.0002357026791246326,-0.0002357026791246326,0.018200052900330922,0.018200052900330922,0.018200052900330922,0.0,0.0,0.0,31.387707347033647,33.55680591628541
2019-12-22,122.78589900611526,29.71479605741487,36.50967604546907,122.78589900047045,122.78589901081556,-0.011373444976980574,-0.011373444976980574,-0.011373444976980574,-0.0010816440079313323,-0.0010816440079313323,-0.0010816440079313323,0.002368382149787951,0.002368382149787951,0.002368382149787951,0.027778195021359146,0.027778195021359146,0.027778195021359146,0.05475241352600433,0.05475241352600433,0.05475241352600433,-0.7488190982877605,-0.7488190982877605,-0.7488190982877605,0.0,0.0,0.0,0.0,0.0,0.0,-0.821263,-0.821263,-0.821263,0.0,0.0,0.0,-0.7303832990027694,-0.7303832990027694,-0.7303832990027694,0.00040502301780966223,0.00040502301780966223,0.00040502301780966223,0.018030776267181373,0.018030776267181373,0.018030776267181373,0.0,0.0,0.0,33.105129019007926,33.35536833117269
2019-12-23,122.78555083283554,28.094958619399385,35.04496358043777,122.78555082641464,122.78555083837954,-0.007860961427029871,-0.007860961427029871,-0.007860961427029871,-0.0005981882247258187,-0.0005981882247258187,-0.0005981882247258187,0.0052424541033754945,0.0052424541033754945,0.0052424541033754945,0.017624095563829895,0.017624095563829895,0.017624095563829895,0.0480874837784445,0.0480874837784445,0.0480874837784445,-0.7600361162061058,-0.7600361162061058,-0.7600361162061058,0.0,0.0,0.0,0.0,0.0,0.0,0.0,0.0,0.0,-0.822531,-0.822531,-0.822531,-0.7416375417386345,-0.7416375417386345,-0.7416375417386345,0.0005121229484694922,0.0005121229484694922,0.0005121229484694922,0.01788645151900181,0.01788645151900181,0.01788645151900181,0.0,0.0,0.0,31.723176752147243,32.88867337598392
2019-12-24,122.78520265955581,31.03445273930374,37.974182291373815,122.78520265139156,122.78520266643588,-0.00434847787707917,-0.00434847787707917,-0.00434847787707917,-0.0013233718995340892,-0.0013233718995340892,-0.0013233718995340892,0.003326406134317132,0.003326406134317132,0.003326406134317132,0.03793229447888839,0.03793229447888839,0.03793229447888839,0.049988906967192236,0.049988906967192236,0.049988906967192236,-0.7369552421962156,-0.7369552421962156,-0.7369552421962156,0.0,0.0,0.0,0.0,0.0,0.0,0.0,0.0,0.0,-0.822531,-0.822531,-0.822531,-0.7187418658344583,-0.7187418658344583,-0.7187418658344583,0.0004427348601203753,0.0004427348601203753,0.0004427348601203753,0.017770641501636836,0.017770641501636836,0.017770641501636836,0.0,0.0,0.0,34.53433700316457,34.821749245762085
2019-12-25,122.78485448627607,32.0378915511933,39.07527571149578,122.78485447761702,122.78485449377465,-0.009617203202005223,-0.009617203202005223,-0.009617203202005223,-0.0008399161163285756,-0.0008399161163285756,-0.0008399161163285756,0.007158502072433857,0.007158502072433857,0.007158502072433857,0.04808639393641765,0.04808639393641765,0.04808639393641765,0.04912202692381229,0.04912202692381229,0.04912202692381229,-0.72862119638567,-0.72862119638567,-0.72862119638567,0.0,0.0,0.0,0.0,0.0,0.0,0.0,0.0,0.0,-0.822531,-0.822531,-0.822531,-0.711615672827026,-0.711615672827026,-0.711615672827026,-0.0006807048220083458,-0.0006807048220083458,-0.0006807048220083458,0.01768622838065242,0.01768622838065242,0.01768622838065242,0.0,0.0,0.0,35.409227648056245,34.025437838229145
2019-12-26,122.78450631299634,32.84652110034755,39.734109053474434,122.7845063038425,122.78450632107415,-0.00610471965205452,-0.00610471965205452,-0.00610471965205452,-0.001806827682739603,-0.001806827682739603,-0.001806827682739603,0.009074550041492218,0.009074550041492218,0.009074550041492218,0.05316344366518227,0.05316344366518227,0.05316344366518227,0.047113620484801166,0.047113620484801166,0.047113620484801166,-0.7210909331433184,-0.7210909331433184,-0.7210909331433184,0.0,0.0,0.0,0.0,0.0,0.0,0.0,0.0,0.0,-0.822531,-0.822531,-0.822531,-0.7041844517422005,-0.7041844517422005,-0.7041844517422005,-0.0007288911000024802,-0.0007288911000024802,-0.0007288911000024802,0.017635372501120496,0.017635372501120496,0.017635372501120496,0.0,0.0,0.0,36.32156605254226,35.873076010664704
2019-12-27,122.78415813971661,34.338578767481096,41.48183164168082,122.7841581299503,122.7841581484619,-0.013129686751955924,-0.013129686751955924,-0.013129686751955924,-0.002290283465945117,-0.002290283465945117,-0.002290283465945117,0.0100325740260214,0.0100325740260214,0.0100325740260214,0.06331754312271153,0.06331754312271153,0.06331754312271153,0.055432549114293475,0.055432549114293475,0.055432549114293475,-0.7091683039548746,-0.7091683039548746,-0.7091683039548746,0.0,0.0,0.0,0.0,0.0,0.0,0.0,0.0,0.0,-0.822531,-0.822531,-0.822531,-0.6912633976106639,-0.6912633976106639,-0.6912633976106639,0.0002854177747325002,0.0002854177747325002,0.0002854177747325002,0.017619488569478318,0.017619488569478318,0.017619488569478318,0.0,0.0,0.0,37.907963811291054,37.38824831640913
2019-12-28,122.78380996643688,33.88561143740477,40.653578589752144,122.78380995535598,122.78380997621946,-0.01664217030190663,-0.01664217030190663,-0.01664217030190663,-0.0025320113575478735,-0.0025320113575478735,-0.0025320113575478735,0.011948621995079761,0.011948621995079761,0.011948621995079761,0.06331754312271153,0.06331754312271153,0.06331754312271153,0.052005649079129676,0.052005649079129676,0.052005649079129676,-0.7131653674625336,-0.7131653674625336,-0.7131653674625336,0.0,0.0,0.0,0.0,0.0,0.0,-0.821263,-0.821263,-0.821263,0.0,0.0,0.0,-0.6957618309432693,-0.6957618309432693,-0.6957618309432693,-0.00023570267912492208,-0.00023570267912492208,-0.00023570267912492208,0.01763923919838916,0.01763923919838916,0.01763923919838916,0.0,0.0,0.0,37.35552153399832,37.4300750139784
2019-12-29,122.78346179315714,34.02745202116252,40.73106813088532,122.78346178149039,122.78346180380335,-0.01839841207688198,-0.01839841207688198,-0.01839841207688198,-0.0030154671407533872,-0.0030154671407533872,-0.0030154671407533872,0.011948621995079761,0.011948621995079761,0.011948621995079761,0.05824049339394689,0.05824049339394689,0.05824049339394689,0.059956899379192075,0.059956899379192075,0.059956899379192075,-0.7125308644494166,-0.7125308644494166,-0.7125308644494166,0.0,0.0,0.0,0.0,0.0,0.0,-0.821263,-0.821263,-0.821263,0.0,0.0,0.0,-0.6944312960293697,-0.6944312960293697,-0.6944312960293697,0.00040502301780992304,0.00040502301780992304,0.00040502301780992304,0.017694545402236993,0.017694545402236993,0.017694545402236993,0.0,0.0,0.0,37.51878328916243,36.51661795758471
2019-12-30,122.78311361987743,35.50843410806509,42.4164922609178,122.78311360759781,122.78311363136513,-0.021910895626832683,-0.021910895626832683,-0.021910895626832683,-0.0030154671407533872,-0.0030154671407533872,-0.0030154671407533872,0.01099059801055058,0.01099059801055058,0.01099059801055058,0.06839459285147614,0.06839459285147614,0.06839459285147614,0.066477393721878,0.066477393721878,0.066477393721878,-0.7015947781836813,-0.7015947781836813,-0.7015947781836813,0.0,0.0,0.0,0.0,0.0,0.0,0.0,0.0,0.0,-0.822531,-0.822531,-0.822531,-0.6832980420348692,-0.6832980420348692,-0.6832980420348692,0.0005121229484680917,0.0005121229484680917,0.0005121229484680917,0.01778461320034405,0.01778461320034405,0.01778461320034405,0.0,0.0,0.0,38.8856524884703,37.760912192467345
2019-12-31,122.7827654465977,36.22331009316291,43.26508941891508,122.78276543291508,122.78276545892692,-0.021910895626832683,-0.021910895626832683,-0.021910895626832683,-0.0027737392491506306,-0.0027737392491506306,-0.0027737392491506306,0.012906645979608942,0.012906645979608942,0.012906645979608942,0.07347164258024078,0.07347164258024078,0.07347164258024078,0.06665739354357464,0.06665739354357464,0.06665739354357464,-0.694179952772559,-0.694179952772559,-0.694179952772559,0.0,0.0,0.0,0.0,0.0,0.0,0.0,0.0,0.0,-0.822531,-0.822531,-0.822531,-0.6758292428232153,-0.6758292428232153,-0.6758292428232153,0.0004427348601210344,0.0004427348601210344,0.0004427348601210344,0.0179079750892227,0.0179079750892227,0.0179079750892227,0.0,0.0,0.0,39.80258204308313,38.99206696721047
2020-01-01,122.78241727331798,35.22065769445494,42.04722632932562,122.78241725875264,122.78241728630907,-0.020154653851857333,-0.020154653851857333,-0.020154653851857333,-0.0032571950323561443,-0.0032571950323561443,-0.0032571950323561443,0.013864669964138125,0.013864669964138125,0.013864669964138125,0.06331754312271153,0.06331754312271153,0.06331754312271153,0.06272636104917112,0.06272636104917112,0.06272636104917112,-0.7037702747481926,-0.7037702747481926,-0.7037702747481926,-0.820267,-0.820267,-0.820267,0.0,0.0,0.0,0.0,0.0,0.0,0.0,0.0,0.0,-0.6863884347758139,-0.6863884347758139,-0.6863884347758139,-0.0006807048220083655,-0.0006807048220083655,-0.0006807048220083655,0.01806254479438715,0.01806254479438715,0.01806254479438715,0.0,0.0,0.0,38.50598606309439,39.25115796068535
2020-01-02,122.78206910003824,34.763877611553475,41.755847361495555,122.78206908425592,122.78206911354712,-0.023667137401808036,-0.023667137401808036,-0.023667137401808036,-0.0034989229239589014,-0.0034989229239589014,-0.0034989229239589014,0.011948621995079761,0.011948621995079761,0.011948621995079761,0.06331754312271153,0.06331754312271153,0.06331754312271153,0.0680811404946697,0.0680811404946697,0.0680811404946697,-0.7040857547133059,-0.7040857547133059,-0.7040857547133059,-0.820267,-0.820267,-0.820267,0.0,0.0,0.0,0.0,0.0,0.0,0.0,0.0,0.0,-0.6865689623976983,-0.6865689623976983,-0.6865689623976983,-0.0007288911000006159,-0.0007288911000006159,-0.0007288911000006159,0.018245683415608303,0.018245683415608303,0.018245683415608303,0.0,0.0,0.0,38.48371131698249,38.31148860651744
2020-01-03,122.78172092675851,35.25462679345068,41.861864918240165,122.78172091019371,122.78172094164007,-0.025423379176783382,-0.025423379176783382,-0.025423379176783382,-0.0030154671407533872,-0.0030154671407533872,-0.0030154671407533872,0.011948621995079761,0.011948621995079761,0.011948621995079761,0.05824049339394689,0.05824049339394689,0.05824049339394689,0.07337937470423649,0.07337937470423649,0.07337937470423649,-0.7051373562242735,-0.7051373562242735,-0.7051373562242735,-0.820267,-0.820267,-0.820267,0.0,0.0,0.0,0.0,0.0,0.0,0.0,0.0,0.0,-0.6863976636053444,-0.6863976636053444,-0.6863976636053444,0.00028541777473303006,0.00028541777473303006,0.00028541777473303006,0.018454274844196233,0.018454274844196233,0.018454274844196233,0.0,0.0,0.0,38.50463454918805,38.13027751772877
2020-01-04,122.78137275347878,35.984684460039304,42.9647238006498,122.78137273591989,122.78137276939744,-0.021910895626832683,-0.021910895626832683,-0.021910895626832683,-0.0030154671407533872,-0.0030154671407533872,-0.0030154671407533872,0.01099059801055058,0.01099059801055058,0.01099059801055058,0.06331754312271153,0.06331754312271153,0.06331754312271153,0.07449436430032984,0.07449436430032984,0.07449436430032984,-0.6963908573339941,-0.6963908573339941,-0.6963908573339941,-0.820267,-0.820267,-0.820267,0.0,0.0,0.0,0.0,0.0,0.0,0.0,0.0,0.0,-0.6779417518507423,-0.6779417518507423,-0.6779417518507423,-0.0002357026791243171,-0.0002357026791243171,-0.0002357026791243171,0.018684808162376082,0.018684808162376082,0.018684808162376082,0.0,0.0,0.0,39.54275381434637,38.72076159215517
2020-01-05,122.78102458019904,35.98114546067716,42.84340933282153,122.78102456135929,122.78102459685653,-0.021910895626832683,-0.021910895626832683,-0.021910895626832683,-0.0027737392491506306,-0.0027737392491506306,-0.0027737392491506306,0.011948621995079761,0.011948621995079761,0.011948621995079761,0.06331754312271153,0.06331754312271153,0.06331754312271153,0.070450528041828,0.070450528041828,0.070450528041828,-0.699234941716364,-0.699234941716364,-0.699234941716364,-0.820267,-0.820267,-0.820267,0.0,0.0,0.0,0.0,0.0,0.0,0.0,0.0,0.0,-0.6798964540620871,-0.6798964540620871,-0.6798964540620871,0.00040502301781018395,0.00040502301781018395,0.00040502301781018395,0.018933464636466717,0.018933464636466717,0.018933464636466717,0.0,0.0,0.0,39.30264134201176,40.46816501329573
2020-01-06,122.78067640691931,37.15361338903393,44.496304443730615,122.78067638692023,122.78067642436406,-0.020154653851857333,-0.020154653851857333,-0.020154653851857333,-0.0030154671407533872,-0.0030154671407533872,-0.0030154671407533872,0.011948621995079761,0.011948621995079761,0.011948621995079761,0.07347164258024078,0.07347164258024078,0.07347164258024078,0.06967069206225077,0.06967069206225077,0.06967069206225077,-0.6883461643550394,-0.6883461643550394,-0.6883461643550394,-0.820267,-0.820267,-0.820267,0.0,0.0,0.0,0.0,0.0,0.0,0.0,0.0,0.0,-0.6686378345182133,-0.6686378345182133,-0.6686378345182133,0.0005121229484699125,0.0005121229484699125,0.0005121229484699125,0.01919620688835621,0.01919620688835621,0.01919620688835621,0.0,0.0,0.0,40.684870813515296,42.015598928129876
2020-01-07,122.78032823363958,38.40007897351281,45.120188556166326,122.78032821250146,122.78032825193333,-0.021910895626832683,-0.021910895626832683,-0.021910895626832683,-0.0030154671407533872,-0.0030154671407533872,-0.0030154671407533872,0.013864669964138125,0.013864669964138125,0.013864669964138125,0.07854869230900541,0.07854869230900541,0.07854869230900541,0.07221182091746159,0.07221182091746159,0.07221182091746159,-0.6805681795769809,-0.6805681795769809,-0.6805681795769809,-0.820267,-0.820267,-0.820267,0.0,0.0,0.0,0.0,0.0,0.0,0.0,0.0,0.0,-0.6606565768436923,-0.6606565768436923,-0.6606565768436923,0.00044273486012217224,0.00044273486012217224,0.00044273486012217224,0.019468867873166446,0.019468867873166446,0.019468867873166446,0.0,0.0,0.0,41.66469687905831,41.72338050362642
2020-01-08,122.77998006035986,37.28023695253544,44.01479123030504,122.77998003810899,122.7799800795026,-0.021910895626832683,-0.021910895626832683,-0.021910895626832683,-0.0034989229239589014,-0.0034989229239589014,-0.0034989229239589014,0.014822693948667306,0.014822693948667306,0.014822693948667306,0.06331754312271153,0.06331754312271153,0.06331754312271153,0.07973171425153296,0.07973171425153296,0.07973171425153296,-0.6878048672278798,-0.6878048672278798,-0.6878048672278798,-0.820267,-0.820267,-0.820267,0.0,0.0,0.0,0.0,0.0,0.0,0.0,0.0,0.0,-0.6687383346483007,-0.6687383346483007,-0.6687383346483007,-0.000680704822010372,-0.000680704822010372,-0.000680704822010372,0.019747237401589464,0.019747237401589464,0.019747237401589464,0.0,0.0,0.0,40.672300666643245,39.33257698868507
2020-01-09,122.77963188708013,35.796941632725634,42.47313740734932,122.77963186398206,122.77963190707186,-0.025423379176783382,-0.025423379176783382,-0.025423379176783382,-0.0037406508155616576,-0.0037406508155616576,-0.0037406508155616576,0.011948621995079761,0.011948621995079761,0.011948621995079761,0.05316344366518227,0.05316344366518227,0.05316344366518227,0.0863910453712362,0.0863910453712362,0.0863910453712362,-0.7001919189608469,-0.7001919189608469,-0.7001919189608469,0.0,0.0,0.0,0.0,0.0,0.0,0.0,0.0,0.0,-0.822531,-0.822531,-0.822531,-0.6808936659422734,-0.6808936659422734,-0.6808936659422734,-0.0007288911000005087,-0.0007288911000005087,-0.0007288911000005087,0.020027144118573984,0.020027144118573984,0.020027144118573984,0.0,0.0,0.0,39.17975822844329,40.66557468312009
2020-01-10,122.7792837138004,37.10327764996334,44.33031798817335,122.77928368985799,122.77928373513937,-0.027179620951758736,-0.027179620951758736,-0.027179620951758736,-0.0030154671407533872,-0.0030154671407533872,-0.0030154671407533872,0.0100325740260214,0.0100325740260214,0.0100325740260214,0.06839459285147614,0.06839459285147614,0.06839459285147614,0.0851334929617977,0.0851334929617977,0.0851334929617977,-0.6891654282532168,-0.6891654282532168,-0.6891654282532168,0.0,0.0,0.0,0.0,0.0,0.0,0.0,0.0,0.0,-0.822531,-0.822531,-0.822531,-0.6685754793996294,-0.6685754793996294,-0.6685754793996294,0.000285417774730941,0.000285417774730941,0.000285417774730941,0.020304531078856488,0.020304531078856488,0.020304531078856488,0.0,0.0,0.0,40.69206524450319,41.39529532585919
2020-01-11,122.77893554052068,37.03794831265211,43.98923877308862,122.77893551574759,122.77893556294418,-0.021910895626832683,-0.021910895626832683,-0.021910895626832683,-0.0025320113575478735,-0.0025320113575478735,-0.0025320113575478735,0.012906645979608942,0.012906645979608942,0.012906645979608942,0.06839459285147614,0.06839459285147614,0.06839459285147614,0.07484474841799514,0.07484474841799514,0.07484474841799514,-0.6895599197353003,-0.6895599197353003,-0.6895599197353003,0.0,0.0,0.0,0.0,0.0,0.0,-0.821263,-0.821263,-0.821263,0.0,0.0,0.0,-0.6692200990783229,-0.6692200990783229,-0.6692200990783229,-0.00023570267912418588,-0.00023570267912418588,-0.00023570267912418588,0.02057552333610157,0.02057552333610157,0.02057552333610157,0.0,0.0,0.0,40.61280413336241,40.54383654167179
2020-01-12,122.77858736724095,37.082823466132204,44.00629204249639,122.77858734142845,122.77858739175244,-0.01839841207688198,-0.01839841207688198,-0.01839841207688198,-0.0032571950323561443,-0.0032571950323561443,-0.0032571950323561443,0.012906645979608942,0.012906645979608942,0.012906645979608942,0.05824049339394689,0.05824049339394689,0.05824049339394689,0.08058126029352507,0.08058126029352507,0.08058126029352507,-0.6911902074421572,-0.6911902074421572,-0.6911902074421572,0.0,0.0,0.0,0.0,0.0,0.0,-0.821263,-0.821263,-0.821263,0.0,0.0,0.0,-0.6699486981478682,-0.6699486981478682,-0.6699486981478682,0.00040502301781044487,0.00040502301781044487,0.00040502301781044487,0.020836486276478522,0.020836486276478522,0.020836486276478522,0.0,0.0,0.0,40.52323260012358,41.169043025843045
2020-01-13,122.77823919396121,38.299981230230884,45.06487287766921,122.77823916675499,122.77823922007961,-0.023667137401808036,-0.023667137401808036,-0.023667137401808036,-0.0032571950323561443,-0.0032571950323561443,-0.0032571950323561443,0.01099059801055058,0.01099059801055058,0.01099059801055058,0.07347164258024078,0.07347164258024078,0.07347164258024078,0.08372158915558388,0.08372158915558388,0.08372158915558388,-0.6812715026877889,-0.6812715026877889,-0.6812715026877889,0.0,0.0,0.0,0.0,0.0,0.0,0.0,0.0,0.0,-0.822531,-0.822531,-0.822531,-0.6596753059705204,-0.6596753059705204,-0.6596753059705204,0.0005121229484691362,0.0005121229484691362,0.0005121229484691362,0.02108407376879947,0.02108407376879947,0.02108407376879947,0.0,0.0,0.0,41.78446668716311,41.57239183676573
2020-01-14,122.77789102068148,38.94158188273649,45.637046399644476,122.7778909915218,122.77789104839084,-0.023667137401808036,-0.023667137401808036,-0.023667137401808036,-0.0027737392491506306,-0.0027737392491506306,-0.0027737392491506306,0.013864669964138125,0.013864669964138125,0.013864669964138125,0.07854869230900541,0.07854869230900541,0.07854869230900541,0.0800573641930002,0.0800573641930002,0.0800573641930002,-0.6765011501848148,-0.6765011501848148,-0.6765011501848148,0.0,0.0,0.0,0.0,0.0,0.0,0.0,0.0,0.0,-0.822531,-0.822531,-0.822531,-0.6547431497640597,-0.6547431497640597,-0.6547431497640597,0.00044273486012283143,0.00044273486012283143,0.00044273486012283143,0.0213152655606323,0.0213152655606323,0.0213152655606323,0.0,0.0,0.0,42.38990793241203,43.98696503840435
2020-01-15,122.77754284740175,39.579296883533075,46.47528099559096,122.77754281659406,122.77754287666465,-0.020154653851857333,-0.020154653851857333,-0.020154653851857333,-0.0034989229239589014,-0.0034989229239589014,-0.0034989229239589014,0.014822693948667306,0.014822693948667306,0.014822693948667306,0.07854869230900541,0.07854869230900541,0.07854869230900541,0.08274791980017013,0.08274791980017013,0.08274791980017013,-0.6700652707179734,-0.6700652707179734,-0.6700652707179734,0.0,0.0,0.0,0.0,0.0,0.0,0.0,0.0,0.0,-0.822531,-0.822531,-0.822531,-0.6492185818284694,-0.6492185818284694,-0.6492185818284694,-0.0006807048220077922,-0.0006807048220077922,-0.0006807048220077922,0.021527393711511904,0.021527393711511904,0.021527393711511904,0.0,0.0,0.0,43.06808059962745,43.04351014158237
2020-01-16,122.77719467412201,37.40560451226558,44.03353023233475,122.77719464118108,122.77719470432079,-0.025423379176783382,-0.025423379176783382,-0.025423379176783382,-0.0037406508155616576,-0.0037406508155616576,-0.0037406508155616576,0.014822693948667306,0.014822693948667306,0.014822693948667306,0.06331754312271153,0.06331754312271153,0.06331754312271153,0.08448371818414223,0.08448371818414223,0.08448371818414223,-0.6890710747368239,-0.6890710747368239,-0.6890710747368239,0.0,0.0,0.0,0.0,0.0,0.0,0.0,0.0,0.0,-0.822531,-0.822531,-0.822531,-0.6680818076277824,-0.6680818076277824,-0.6680818076277824,-0.0007288911000004015,-0.0007288911000004015,-0.0007288911000004015,0.021718158209041966,0.021718158209041966,0.021718158209041966,0.0,0.0,0.0,40.75198452076645,42.761907620545394
2020-01-17,122.7768465008423,41.72899968986317,48.64628930031821,122.77684646481622,122.7768465325299,-0.027179620951758736,-0.027179620951758736,-0.027179620951758736,-0.0037406508155616576,-0.0037406508155616576,-0.0037406508155616576,0.011948621995079761,0.011948621995079761,0.011948621995079761,0.09377984149529928,0.09377984149529928,0.09377984149529928,0.09487475479535476,0.09487475479535476,0.09487475479535476,-0.6528480534815866,-0.6528480534815866,-0.6528480534815866,0.0,0.0,0.0,0.0,0.0,0.0,0.0,0.0,0.0,-0.822531,-0.822531,-0.822531,-0.6306770034566425,-0.6306770034566425,-0.6306770034566425,0.00028541777473382917,0.00028541777473382917,0.00028541777473382917,0.021885632250210382,0.021885632250210382,0.021885632250210382,0.0,0.0,0.0,45.34431285583492,44.19496700465644
2020-01-18,122.77649832756256,40.97708984640263,48.03758272559065,122.77649829019856,122.77649836155699,-0.027179620951758736,-0.027179620951758736,-0.027179620951758736,-0.0030154671407533872,-0.0030154671407533872,-0.0030154671407533872,0.01769676590225485,0.01769676590225485,0.01769676590225485,0.08362574203777004,0.08362574203777004,0.08362574203777004,0.09081462757815051,0.09081462757815051,0.09081462757815051,-0.6593209525743366,-0.6593209525743366,-0.6593209525743366,0.0,0.0,0.0,0.0,0.0,0.0,-0.821263,-0.821263,-0.821263,0.0,0.0,0.0,-0.6375283972752505,-0.6375283972752505,-0.6375283972752505,-0.00023570267912479014,-0.00023570267912479014,-0.00023570267912479014,0.02202825797821106,0.02202825797821106,0.02202825797821106,0.0,0.0,0.0,44.502994125724136,44.965205740544384
2020-01-19,122.77615015428283,38.62731497213401,45.96562837881068,122.77615011564254,122.77615018963935,-0.021910895626832683,-0.021910895626832683,-0.021910895626832683,-0.004465834490369929,-0.004465834490369929,-0.004465834490369929,0.015780717933196485,0.015780717933196485,0.015780717933196485,0.06331754312271153,0.06331754312271153,0.06331754312271153,0.0896027603612365,0.0896027603612365,0.0896027603612365,-0.678938708700058,-0.678938708700058,-0.678938708700058,0.0,0.0,0.0,0.0,0.0,0.0,-0.821263,-0.821263,-0.821263,0.0,0.0,0.0,-0.6563888519469205,-0.6563888519469205,-0.6563888519469205,0.00040502301781122224,0.00040502301781122224,0.00040502301781122224,0.022144833735326316,0.022144833735326316,0.022144833735326316,0.0,0.0,0.0,42.187253908050394,41.58735984161008
2020-01-20,122.77580198100311,36.54760748320438,43.397855126953786,122.77580194084601,122.77580201719381,-0.03244834627668479,-0.03244834627668479,-0.03244834627668479,-0.003982378707164415,-0.003982378707164415,-0.003982378707164415,0.011948621995079761,0.011948621995079761,0.011948621995079761,0.05316344366518227,0.05316344366518227,0.05316344366518227,0.09576988443775404,0.09576988443775404,0.09576988443775404,-0.6980797748858332,-0.6980797748858332,-0.6980797748858332,0.0,0.0,0.0,0.0,0.0,0.0,0.0,0.0,0.0,-0.822531,-0.822531,-0.822531,-0.6753331578204861,-0.6753331578204861,-0.6753331578204861,0.0005121229484696587,0.0005121229484696587,0.0005121229484696587,0.02223449411687737,0.02223449411687737,0.02223449411687737,0.0,0.0,0.0,39.86123192522959,43.554806778597026
2020-01-21,122.77545380772338,40.18144466725046,47.132012271799766,122.77545376571098,122.775453845327,-0.02893586272673409,-0.02893586272673409,-0.02893586272673409,-0.0030154671407533872,-0.0030154671407533872,-0.0030154671407533872,0.0100325740260214,0.0100325740260214,0.0100325740260214,0.07854869230900541,0.07854869230900541,0.07854869230900541,0.0990845815852889,0.0990845815852889,0.0990845815852889,-0.6668164819471718,-0.6668164819471718,-0.6668164819471718,0.0,0.0,0.0,0.0,0.0,0.0,0.0,0.0,0.0,-0.822531,-0.822531,-0.822531,-0.6440770628035264,-0.6440770628035264,-0.6440770628035264,0.00044273486012349057,0.00044273486012349057,0.00044273486012349057,0.02229668428352194,0.02229668428352194,0.02229668428352194,0.0,0.0,0.0,43.69860013487487,43.61421573640629
2020-01-22,122.77510563444365,38.02377647384054,44.66818039168335,122.77510559057595,122.77510567289147,-0.021910895626832683,-0.021910895626832683,-0.021910895626832683,-0.0025320113575478735,-0.0025320113575478735,-0.0025320113575478735,0.014822693948667306,0.014822693948667306,0.014822693948667306,0.06331754312271153,0.06331754312271153,0.06331754312271153,0.08454813250226226,0.08454813250226226,0.08454813250226226,-0.6842855374107395,-0.6842855374107395,-0.6842855374107395,0.0,0.0,0.0,0.0,0.0,0.0,0.0,0.0,0.0,-0.822531,-0.822531,-0.822531,-0.6626351121280167,-0.6626351121280167,-0.6626351121280167,-0.0006807048220097988,-0.0006807048220097988,-0.0006807048220097988,0.022331130104732522,0.022331130104732522,0.022331130104732522,0.0,0.0,0.0,41.42000974583498,41.71060095257516
2020-01-23,122.77475746116392,36.48458328739501,43.16342897558811,122.77475741544092,122.77475750165522,-0.01839841207688198,-0.01839841207688198,-0.01839841207688198,-0.0037406508155616576,-0.0037406508155616576,-0.0037406508155616576,0.011948621995079761,0.011948621995079761,0.011948621995079761,0.043009344207653025,0.043009344207653025,0.043009344207653025,0.09301497589262847,0.09301497589262847,0.09301497589262847,-0.6966971207970825,-0.6966971207970825,-0.6966971207970825,0.0,0.0,0.0,0.0,0.0,0.0,0.0,0.0,0.0,-0.822531,-0.822531,-0.822531,-0.6750882061348243,-0.6750882061348243,-0.6750882061348243,-0.0007288911000002942,-0.0007288911000002942,-0.0007288911000002942,0.022337805762258384,0.022337805762258384,0.022337805762258384,0.0,0.0,0.0,39.89096668806863,40.3101577484508
2020-01-24,122.77440928788418,35.04616391706001,41.81194451688321,122.77440924030589,122.77440933022545,-0.027179620951758736,-0.027179620951758736,-0.027179620951758736,-0.0030154671407533872,-0.0030154671407533872,-0.0030154671407533872,0.008116526056963037,0.008116526056963037,0.008116526056963037,0.043009344207653025,0.043009344207653025,0.043009344207653025,0.09327064039483161,0.09327064039483161,0.09327064039483161,-0.7083295774330645,-0.7083295774330645,-0.7083295774330645,0.0,0.0,0.0,0.0,0.0,0.0,0.0,0.0,0.0,-0.822531,-0.822531,-0.822531,-0.6857272592203034,-0.6857272592203034,-0.6857272592203034,0.0002854177747331799,0.0002854177747331799,0.0002854177747331799,0.02231690043802793,0.02231690043802793,0.02231690043802793,0.0,0.0,0.0,38.584650104511596,38.122570728537866
2020-01-25,122.77406111460446,35.075696225021794,41.59775934345511,122.77406106517944,122.77406115827257,-0.021910895626832683,-0.021910895626832683,-0.021910895626832683,-0.0020485555743423598,-0.0020485555743423598,-0.0020485555743423598,0.008116526056963037,0.008116526056963037,0.008116526056963037,0.043009344207653025,0.043009344207653025,0.043009344207653025,0.08507849658282757,0.08507849658282757,0.08507849658282757,-0.7090180843537314,-0.7090180843537314,-0.7090180843537314,0.0,0.0,0.0,0.0,0.0,0.0,-0.821263,-0.821263,-0.821263,0.0,0.0,0.0,-0.6869850013854253,-0.6869850013854253,-0.6869850013854253,-0.00023570267912465884,-0.00023570267912465884,-0.00023570267912465884,0.022268785647430803,0.022268785647430803,0.022268785647430803,0.0,0.0,0.0,38.43012256969363,36.36061040157349
2020-01-26,122.77371294132473,33.96761856491852,40.841038450108606,122.77371288938708,122.77371298596697,-0.014885928526931278,-0.014885928526931278,-0.014885928526931278,-0.0020485555743423598,-0.0020485555743423598,-0.0020485555743423598,0.008116526056963037,0.008116526056963037,0.008116526056963037,0.032855244750123774,0.032855244750123774,0.032855244750123774,0.07905173516755776,0.07905173516755776,0.07905173516755776,-0.7181739781266291,-0.7181739781266291,-0.7181739781266291,0.0,0.0,0.0,0.0,0.0,0.0,-0.821263,-0.821263,-0.821263,0.0,0.0,0.0,-0.6955749704493689,-0.6955749704493689,-0.6955749704493689,0.00040502301780939883,0.00040502301780939883,0.00040502301780939883,0.02219398465945077,0.02219398465945077,0.02219398465945077,0.0,0.0,0.0,37.37539119020348,35.31965639416873
2020-01-27,122.773364768045,32.95164948158318,39.64316405779419,122.77336471469992,122.77336481498823,-0.014885928526931278,-0.014885928526931278,-0.014885928526931278,-0.0020485555743423598,-0.0020485555743423598,-0.0020485555743423598,0.0062004780879046754,0.0062004780879046754,0.0062004780879046754,0.03793229447888839,0.03793229447888839,0.03793229447888839,0.06963752614763562,0.06963752614763562,0.06963752614763562,-0.725695185386845,-0.725695185386845,-0.725695185386845,0.0,0.0,0.0,0.0,0.0,0.0,0.0,0.0,0.0,-0.822531,-0.822531,-0.822531,-0.7030899171639309,-0.7030899171639309,-0.7030899171639309,0.000512122948470181,0.000512122948470181,0.000512122948470181,0.0220931452744439,0.0220931452744439,0.0220931452744439,0.0,0.0,0.0,36.45264990334317,37.70648604593364
2020-01-28,122.77301659476527,36.128349094645564,42.84116984485513,122.77301653977355,122.77301664328706,-0.014885928526931278,-0.014885928526931278,-0.014885928526931278,-0.0015650997911368463,-0.0015650997911368463,-0.0015650997911368463,0.007158502072433857,0.007158502072433857,0.007158502072433857,0.06839459285147614,0.06839459285147614,0.06839459285147614,0.06205498764660116,0.06205498764660116,0.06205498764660116,-0.701373945747557,-0.701373945747557,-0.701373945747557,0.0,0.0,0.0,0.0,0.0,0.0,0.0,0.0,0.0,-0.822531,-0.822531,-0.822531,-0.6789641938722335,-0.6789641938722335,-0.6789641938722335,0.0004427348601205033,0.0004427348601205033,0.0004427348601205033,0.021967017015202865,0.021967017015202865,0.021967017015202865,0.0,0.0,0.0,39.414534353238125,40.14885320032843
2020-01-29,122.77266842148555,35.53565976485459,42.733813504642605,122.77266836463929,122.7726684715477,-0.011373444976980574,-0.011373444976980574,-0.011373444976980574,-0.001806827682739603,-0.001806827682739603,-0.001806827682739603,0.012906645979608942,0.012906645979608942,0.012906645979608942,0.06331754312271153,0.06331754312271153,0.06331754312271153,0.05757527620352265,0.05757527620352265,0.05757527620352265,-0.7019118073538771,-0.7019118073538771,-0.7019118073538771,0.0,0.0,0.0,0.0,0.0,0.0,0.0,0.0,0.0,-0.822531,-0.822531,-0.822531,-0.6807760786406396,-0.6807760786406396,-0.6807760786406396,-0.0006807048220078316,-0.0006807048220078316,-0.0006807048220078316,0.02181643353524542,0.02181643353524542,0.02181643353524542,0.0,0.0,0.0,39.191972649259135,38.82457375925663
2020-01-30,122.77232024820582,34.29974347910026,41.552384771226755,122.7723201898631,122.7723203006328,-0.013129686751955924,-0.013129686751955924,-0.013129686751955924,-0.0032571950323561443,-0.0032571950323561443,-0.0032571950323561443,0.011948621995079761,0.011948621995079761,0.011948621995079761,0.04808639393641765,0.04808639393641765,0.04808639393641765,0.0678469193574289,0.0678469193574289,0.0678469193574289,-0.7110359464953857,-0.7110359464953857,-0.7110359464953857,0.0,0.0,0.0,0.0,0.0,0.0,0.0,0.0,0.0,-0.822531,-0.822531,-0.822531,-0.6901225368261426,-0.6901225368261426,-0.6901225368261426,-0.0007288910999984298,-0.0007288910999984298,-0.0007288910999984298,0.021642300769241653,0.021642300769241653,0.021642300769241653,0.0,0.0,0.0,38.04437514648243,37.04720990658635
2020-01-31,122.77197207492608,30.575781417193316,37.63845365224702,122.77197201525966,122.77197212947101,-0.023667137401808036,-0.023667137401808036,-0.023667137401808036,-0.0030154671407533872,-0.0030154671407533872,-0.0030154671407533872,0.009074550041492218,0.009074550041492218,0.009074550041492218,0.017624095563829895,0.017624095563829895,0.017624095563829895,0.07835756633309993,0.07835756633309993,0.07835756633309993,-0.7441573926041394,-0.7441573926041394,-0.7441573926041394,0.0,0.0,0.0,0.0,0.0,0.0,0.0,0.0,0.0,-0.822531,-0.822531,-0.822531,-0.7224263837752283,-0.7224263837752283,-0.7224263837752283,0.00028541777473226987,0.00028541777473226987,0.00028541777473226987,0.021445591054178762,0.021445591054178762,0.021445591054178762,0.0,0.0,0.0,34.078260259883926,35.97924693153815
2020-02-01,122.77162390164635,33.721246347989734,40.20599383753899,122.77162384066354,122.7716239577821,-0.021910895626832683,-0.021910895626832683,-0.021910895626832683,-0.002290283465945117,-0.002290283465945117,-0.002290283465945117,0.003326406134317132,0.003326406134317132,0.003326406134317132,0.04808639393641765,0.04808639393641765,0.04808639393641765,0.07265857317508978,0.07265857317508978,0.07265857317508978,-0.7213928058469532,-0.7213928058469532,-0.7213928058469532,0.0,0.0,0.0,0.0,0.0,0.0,-0.821263,-0.821263,-0.821263,0.0,0.0,0.0,-0.7004011653792077,-0.7004011653792077,-0.7004011653792077,-0.00023570267912452754,-0.00023570267912452754,-0.00023570267912452754,0.021227343146869988,0.021227343146869988,0.021227343146869988,0.0,0.0,0.0,36.782235445435454,37.39194000811006
2020-02-02,122.77127572836663,35.05755389607734,42.179293526089204,122.77127566606741,122.7712757860701,-0.01664217030190663,-0.01664217030190663,-0.01664217030190663,-0.0008399161163285756,-0.0008399161163285756,-0.0008399161163285756,0.009074550041492218,0.009074550041492218,0.009074550041492218,0.05824049339394689,0.05824049339394689,0.05824049339394689,0.06500974610618622,0.06500974610618622,0.06500974610618622,-0.7064202968766098,-0.7064202968766098,-0.7064202968766098,0.0,0.0,0.0,0.0,0.0,0.0,-0.821263,-0.821263,-0.821263,0.0,0.0,0.0,-0.6850266060941375,-0.6850266060941375,-0.6850266060941375,0.00040502301781017615,0.00040502301781017615,0.00040502301781017615,0.020988667764662176,0.020988667764662176,0.020988667764662176,0.0,0.0,0.0,38.66968539031608,36.88219883159805
2020-02-03,122.7709275550869,29.67755493779301,36.48124024959716,122.7709274914186,122.7709276143581,-0.00610471965205452,-0.00610471965205452,-0.00610471965205452,-0.002290283465945117,-0.002290283465945117,-0.002290283465945117,0.01099059801055058,0.01099059801055058,0.01099059801055058,0.007469996106300643,0.007469996106300643,0.007469996106300643,0.06041380245634602,0.06041380245634602,0.06041380245634602,-0.7520516065448024,-0.7520516065448024,-0.7520516065448024,0.0,0.0,0.0,0.0,0.0,0.0,0.0,0.0,0.0,-0.822531,-0.822531,-0.822531,-0.7308087256040772,-0.7308087256040772,-0.7308087256040772,0.0005121229484694546,0.0005121229484694546,0.0005121229484694546,0.020730757992255724,0.020730757992255724,0.020730757992255724,0.0,0.0,0.0,33.04886244732336,33.85827569660421
2020-02-04,122.77057938180717,34.0572540493295,40.64600789756089,122.77057931488491,122.77057944225373,-0.01664217030190663,-0.01664217030190663,-0.01664217030190663,-0.0027737392491506306,-0.0027737392491506306,-0.0027737392491506306,0.0014103581652587702,0.0014103581652587702,0.0014103581652587702,0.05824049339394689,0.05824049339394689,0.05824049339394689,0.06649328079608045,0.06649328079608045,0.06649328079608045,-0.7158027771957711,-0.7158027771957711,-0.7158027771957711,0.0,0.0,0.0,0.0,0.0,0.0,0.0,0.0,0.0,-0.822531,-0.822531,-0.822531,-0.6949051386968437,-0.6949051386968437,-0.6949051386968437,0.0004427348601211625,0.0004427348601211625,0.0004427348601211625,0.020454903638806244,0.020454903638806244,0.020454903638806244,0.0,0.0,0.0,37.4566728886006,40.214977263826434
2020-02-05,122.77023120852743,40.09683711683339,46.96997018545094,122.7702311388679,122.77023127005644,-0.020154653851857333,-0.020154653851857333,-0.020154653851857333,-0.0003564603331230618,-0.0003564603331230618,-0.0003564603331230618,0.01099059801055058,0.01099059801055058,0.01099059801055058,0.10393394095282854,0.10393394095282854,0.10393394095282854,0.06429962635487972,0.06429962635487972,0.06429962635487972,-0.6638179488667215,-0.6638179488667215,-0.6638179488667215,0.0,0.0,0.0,0.0,0.0,0.0,0.0,0.0,0.0,-0.822531,-0.822531,-0.822531,-0.644336145283541,-0.644336145283541,-0.644336145283541,-0.0006807048220098382,-0.0006807048220098382,-0.0006807048220098382,0.02016250840519036,0.02016250840519036,0.02016250840519036,0.0,0.0,0.0,43.66493367605578,46.80728866797306
2020-02-06,122.7698830352477,45.26813365218364,52.24401452763592,122.76988296441907,122.76988309813008,-0.002592236102103818,-0.002592236102103818,-0.002592236102103818,-0.0027737392491506306,-0.0027737392491506306,-0.0027737392491506306,0.019612813871313212,0.019612813871313212,0.019612813871313212,0.13439623932541628,0.13439623932541628,0.13439623932541628,0.051286272283075356,0.051286272283075356,0.051286272283075356,-0.6226016498714496,-0.6226016498714496,-0.6226016498714496,0.0,0.0,0.0,0.0,0.0,0.0,0.0,0.0,0.0,-0.822531,-0.822531,-0.822531,-0.6034754324315065,-0.6034754324315065,-0.6034754324315065,-0.0007288911000011161,-0.0007288911000011161,-0.0007288911000011161,0.019855108539944263,0.019855108539944263,0.019855108539944263,0.0,0.0,0.0,48.68127478098612,50.56998835355527
2020-02-07,122.76953486196798,45.95535441233519,53.22269489917359,122.7695347899562,122.769534926267,-0.020154653851857333,-0.020154653851857333,-0.020154653851857333,-0.004949290273575442,-0.004949290273575442,-0.004949290273575442,0.025360957778488295,0.025360957778488295,0.025360957778488295,0.12931918959665167,0.12931918959665167,0.12931918959665167,0.07864212907247912,0.07864212907247912,0.07864212907247912,-0.6143126676778137,-0.6143126676778137,-0.6143126676778137,0.0,0.0,0.0,0.0,0.0,0.0,0.0,0.0,0.0,-0.822531,-0.822531,-0.822531,-0.5944928583722794,-0.5944928583722794,-0.5944928583722794,0.0002854177747316206,0.0002854177747316206,0.0002854177747316206,0.01953439153080266,0.01953439153080266,0.01953439153080266,0.0,0.0,0.0,49.78392316084143,50.27596036841021
2020-02-08,122.76918668868825,43.238287926696735,50.03975597030872,122.76918661381619,122.76918675440389,-0.03596082982663549,-0.03596082982663549,-0.03596082982663549,-0.006399657623191984,-0.006399657623191984,-0.006399657623191984,0.024402933793959115,0.024402933793959115,0.024402933793959115,0.09377984149529928,0.09377984149529928,0.09377984149529928,0.1070119250705935,0.1070119250705935,0.1070119250705935,-0.6384287870899755,-0.6384287870899755,-0.6384287870899755,0.0,0.0,0.0,0.0,0.0,0.0,-0.821263,-0.821263,-0.821263,0.0,0.0,0.0,-0.6194622764668618,-0.6194622764668618,-0.6194622764668618,-0.00023570267912513188,-0.00023570267912513188,-0.00023570267912513188,0.01920221330223888,0.01920221330223888,0.01920221330223888,0.0,0.0,0.0,46.71830682252828,46.313750142495344
2020-02-09,122.76883851540852,39.88724495307702,47.1613078227318,122.76883843714492,122.76883858338239,-0.0464982804764876,-0.0464982804764876,-0.0464982804764876,-0.006157929731589226,-0.006157929731589226,-0.006157929731589226,0.01769676590225485,0.01769676590225485,0.01769676590225485,0.06839459285147614,0.06839459285147614,0.06839459285147614,0.12320457980698708,0.12320457980698708,0.12320457980698708,-0.6646232716473587,-0.6646232716473587,-0.6646232716473587,0.0,0.0,0.0,0.0,0.0,0.0,-0.821263,-0.821263,-0.821263,0.0,0.0,0.0,-0.6453576362579352,-0.6453576362579352,-0.6453576362579352,0.0004050230178099206,0.0004050230178099206,0.0004050230178099206,0.018860612371613565,0.018860612371613565,0.018860612371613565,0.0,0.0,0.0,43.53903108497232,44.26285306395581
2020-02-10,122.76849034212879,38.19918271467127,45.35765512014982,122.7684902623853,122.76849041247388,-0.044742038701512256,-0.044742038701512256,-0.044742038701512256,-0.004465834490369929,-0.004465834490369929,-0.004465834490369929,0.012906645979608942,0.012906645979608942,0.012906645979608942,0.05824049339394689,0.05824049339394689,0.05824049339394689,0.1219392400126541,0.1219392400126541,0.1219392400126541,-0.6786524938056723,-0.6786524938056723,-0.6786524938056723,0.0,0.0,0.0,0.0,0.0,0.0,0.0,0.0,0.0,-0.822531,-0.822531,-0.822531,-0.659628551398301,-0.659628551398301,-0.659628551398301,0.0005121229484699769,0.0005121229484699769,0.0005121229484699769,0.01851181945890125,0.01851181945890125,0.01851181945890125,0.0,0.0,0.0,41.78688890039407,43.34804273115745
2020-02-11,122.76814216884907,37.07983456501982,43.83555636206841,122.76814208767388,122.76814224080745,-0.03244834627668479,-0.03244834627668479,-0.03244834627668479,-0.0032571950323561443,-0.0032571950323561443,-0.0032571950323561443,0.01099059801055058,0.01099059801055058,0.01099059801055058,0.05316344366518227,0.05316344366518227,0.05316344366518227,0.10488799820691322,0.10488799820691322,0.10488799820691322,-0.6891945014263949,-0.6891945014263949,-0.6891945014263949,0.0,0.0,0.0,0.0,0.0,0.0,0.0,0.0,0.0,-0.822531,-0.822531,-0.822531,-0.6705935054188937,-0.6705935054188937,-0.6705935054188937,0.0004427348601241236,0.0004427348601241236,0.0004427348601241236,0.018158261147377005,0.018158261147377005,0.018158261147377005,0.0,0.0,0.0,40.44062335807546,41.12386831299864
2020-02-12,122.76779399556933,38.497389672677166,45.547911810410355,122.76779391296245,122.76779407014618,-0.023667137401808036,-0.023667137401808036,-0.023667137401808036,-0.0027737392491506306,-0.0027737392491506306,-0.0027737392491506306,0.0100325740260214,0.0100325740260214,0.0100325740260214,0.06839459285147614,0.06839459285147614,0.06839459285147614,0.09606202986829719,0.09606202986829719,0.09606202986829719,-0.674482679905164,-0.674482679905164,-0.674482679905164,0.0,0.0,0.0,0.0,0.0,0.0,0.0,0.0,0.0,-0.822531,-0.822531,-0.822531,-0.6573608283747299,-0.6573608283747299,-0.6573608283747299,-0.0006807048220118448,-0.0006807048220118448,-0.0006807048220118448,0.01780255635244585,0.01780255635244585,0.01780255635244585,0.0,0.0,0.0,42.06505523690369,41.270656275298286
2020-02-13,122.7674458222896,38.45376415005517,45.222114351887804,122.76744573700111,122.76744589799377,-0.020154653851857333,-0.020154653851857333,-0.020154653851857333,-0.0025320113575478735,-0.0025320113575478735,-0.0025320113575478735,0.012906645979608942,0.012906645979608942,0.012906645979608942,0.06331754312271153,0.06331754312271153,0.06331754312271153,0.09212517359325353,0.09212517359325353,0.09212517359325353,-0.6768683025138312,-0.6768683025138312,-0.6768683025138312,0.0,0.0,0.0,0.0,0.0,0.0,0.0,0.0,0.0,-0.822531,-0.822531,-0.822531,-0.6601496890447957,-0.6601496890447957,-0.6601496890447957,-0.0007288910999992519,-0.0007288910999992519,-0.0007288910999992519,0.01744750456903487,0.01744750456903487,0.01744750456903487,0.0,0.0,0.0,41.72255463788132,41.2521434187952
2020-02-14,122.76709764900987,38.05297765721678,44.684723615750485,122.76709756235032,122.76709772572859,-0.01839841207688198,-0.01839841207688198,-0.01839841207688198,-0.0032571950323561443,-0.0032571950323561443,-0.0032571950323561443,0.011948621995079761,0.011948621995079761,0.011948621995079761,0.06839459285147614,0.06839459285147614,0.06839459285147614,0.08255351190450198,0.08255351190450198,0.08255351190450198,-0.6812898803581803,-0.6812898803581803,-0.6812898803581803,0.0,0.0,0.0,0.0,0.0,0.0,0.0,0.0,0.0,-0.822531,-0.822531,-0.822531,-0.6639083974551918,-0.6639083974551918,-0.6639083974551918,0.00028541777473215044,0.00028541777473215044,0.00028541777473215044,0.01709606512825627,0.01709606512825627,0.01709606512825627,0.0,0.0,0.0,41.26099058863068,40.34061217466628
2020-02-15,122.76674947573014,35.053860490335815,41.617228492093126,122.76674938632436,122.76674955417833,-0.023667137401808036,-0.023667137401808036,-0.023667137401808036,-0.0030154671407533872,-0.0030154671407533872,-0.0030154671407533872,0.012906645979608942,0.012906645979608942,0.012906645979608942,0.04808639393641765,0.04808639393641765,0.04808639393641765,0.08318520908779956,0.08318520908779956,0.08318520908779956,-0.7037673555387353,-0.7037673555387353,-0.7037673555387353,0.0,0.0,0.0,0.0,0.0,0.0,-0.821263,-0.821263,-0.821263,0.0,0.0,0.0,-0.687251731223932,-0.687251731223932,-0.687251731223932,-0.0002357026791250006,-0.0002357026791250006,-0.0002357026791250006,0.01675132699392822,0.01675132699392822,0.01675132699392822,0.0,0.0,0.0,38.39508836179985,38.116462088836364
2020-02-16,122.76640130245042,33.364463825908835,40.37915667660256,122.76640121010185,122.76640138291987,-0.021910895626832683,-0.021910895626832683,-0.021910895626832683,-0.0032571950323561443,-0.0032571950323561443,-0.0032571950323561443,0.009074550041492218,0.009074550041492218,0.009074550041492218,0.03793229447888839,0.03793229447888839,0.03793229447888839,0.08310553961678449,0.08310553961678449,0.08310553961678449,-0.7163187065220237,-0.7163187065220237,-0.7163187065220237,0.0,0.0,0.0,0.0,0.0,0.0,-0.821263,-0.821263,-0.821263,0.0,0.0,0.0,-0.6994972145445573,-0.6994972145445573,-0.6994972145445573,0.0004050230178106979,0.0004050230178106979,0.0004050230178106979,0.016416468959655758,0.016416468959655758,0.016416468959655758,0.0,0.0,0.0,36.891645551727045,36.41904609711985
2020-02-17,122.76605312917069,34.846117353149886,41.865771773129254,122.76605303387936,122.76605321166139,-0.023667137401808036,-0.023667137401808036,-0.023667137401808036,-0.002290283465945117,-0.002290283465945117,-0.002290283465945117,0.007158502072433857,0.007158502072433857,0.007158502072433857,0.05824049339394689,0.05824049339394689,0.05824049339394689,0.0791827947923245,0.0791827947923245,0.0791827947923245,-0.7039066306090479,-0.7039066306090479,-0.7039066306090479,0.0,0.0,0.0,0.0,0.0,0.0,0.0,0.0,0.0,-0.822531,-0.822531,-0.822531,-0.6872997972032209,-0.6872997972032209,-0.6872997972032209,0.0005121229484704992,0.0005121229484704992,0.0005121229484704992,0.016094710457356547,0.016094710457356547,0.016094710457356547,0.0,0.0,0.0,38.38896971005183,37.579821303905035
2020-02-18,122.76570495589095,34.04875393464812,40.64599164930834,122.76570485765684,122.76570504040289,-0.01664217030190663,-0.01664217030190663,-0.01664217030190663,-0.001806827682739603,-0.001806827682739603,-0.001806827682739603,0.01099059801055058,0.01099059801055058,0.01099059801055058,0.04808639393641765,0.04808639393641765,0.04808639393641765,0.06961123781695261,0.06961123781695261,0.06961123781695261,-0.7122917682207255,-0.7122917682207255,-0.7122917682207255,0.0,0.0,0.0,0.0,0.0,0.0,0.0,0.0,0.0,-0.822531,-0.822531,-0.822531,-0.6960597798133161,-0.6960597798133161,-0.6960597798133161,0.0004427348601247828,0.0004427348601247828,0.0004427348601247828,0.015789253547284533,0.015789253547284533,0.015789253547284533,0.0,0.0,0.0,37.313435395666964,37.40560242974402
2020-02-19,122.76535678261122,32.72030539519699,39.816535797997695,122.76535668144773,122.76535686905099,-0.013129686751955924,-0.013129686751955924,-0.013129686751955924,-0.0027737392491506306,-0.0027737392491506306,-0.0027737392491506306,0.009074550041492218,0.009074550041492218,0.009074550041492218,0.04808639393641765,0.04808639393641765,0.04808639393641765,0.06230646374656445,0.06230646374656445,0.06230646374656445,-0.7189670182766322,-0.7189670182766322,-0.7189670182766322,0.0,0.0,0.0,0.0,0.0,0.0,0.0,0.0,0.0,-0.822531,-0.822531,-0.822531,-0.7041445060826231,-0.7041445060826231,-0.7041445060826231,-0.0006807048220098777,-0.0006807048220098777,-0.0006807048220098777,0.015503217016019004,0.015503217016019004,0.015503217016019004,0.0,0.0,0.0,36.320805266862436,37.976364406977645
2020-02-20,122.7650086093315,32.61554780199477,39.354002138272165,122.76500850457946,122.76500869722715,-0.020154653851857333,-0.020154653851857333,-0.020154653851857333,-0.002290283465945117,-0.002290283465945117,-0.002290283465945117,0.009074550041492218,0.009074550041492218,0.009074550041492218,0.04808639393641765,0.04808639393641765,0.04808639393641765,0.06730182179282586,0.06730182179282586,0.06730182179282586,-0.7205131715470667,-0.7205131715470667,-0.7205131715470667,0.0,0.0,0.0,0.0,0.0,0.0,0.0,0.0,0.0,-0.822531,-0.822531,-0.822531,-0.7060024987961072,-0.7060024987961072,-0.7060024987961072,-0.0007288911000026586,-0.0007288911000026586,-0.0007288911000026586,0.015239563850962203,0.015239563850962203,0.015239563850962203,0.0,0.0,0.0,36.09260576641785,38.45486558051517
2020-02-21,122.76466043605177,32.550682065850204,39.353651784314785,122.76466032625945,122.76466052667301,-0.01664217030190663,-0.01664217030190663,-0.01664217030190663,-0.002290283465945117,-0.002290283465945117,-0.002290283465945117,0.009074550041492218,0.009074550041492218,0.009074550041492218,0.043009344207653025,0.043009344207653025,0.043009344207653025,0.06655207657965824,0.06655207657965824,0.06655207657965824,-0.7228274829390482,-0.7228274829390482,-0.7228274829390482,0.0,0.0,0.0,0.0,0.0,0.0,0.0,0.0,0.0,-0.822531,-0.822531,-0.822531,-0.7075410414884001,-0.7075410414884001,-0.7075410414884001,0.0002854177747326803,0.0002854177747326803,0.0002854177747326803,0.015001023675915352,0.015001023675915352,0.015001023675915352,0.0,0.0,0.0,35.90362473315791,39.15285801043743
2020-02-22,122.76431226277204,32.87523027279679,39.66705811159867,122.76431215097452,122.76431235549524,-0.01664217030190663,-0.01664217030190663,-0.01664217030190663,-0.002290283465945117,-0.002290283465945117,-0.002290283465945117,0.008116526056963037,0.008116526056963037,0.008116526056963037,0.043009344207653025,0.043009344207653025,0.043009344207653025,0.06900833203619101,0.06900833203619101,0.06900833203619101,-0.7200612514670446,-0.7200612514670446,-0.7200612514670446,0.0,0.0,0.0,0.0,0.0,0.0,-0.821263,-0.821263,-0.821263,0.0,0.0,0.0,-0.7055069421345996,-0.7055069421345996,-0.7055069421345996,-0.0002357026791243957,-0.0002357026791243957,-0.0002357026791243957,0.014790012011569353,0.014790012011569353,0.014790012011569353,0.0,0.0,0.0,36.153237715006604,39.068084577986916
2020-02-23,122.7639640894923,32.359309870907815,39.24064836046953,122.76396397467754,122.76396418423246,-0.01664217030190663,-0.01664217030190663,-0.01664217030190663,-0.0020485555743423598,-0.0020485555743423598,-0.0020485555743423598,0.008116526056963037,0.008116526056963037,0.008116526056963037,0.03793229447888839,0.03793229447888839,0.03793229447888839,0.07106754614879787,0.07106754614879787,0.07106754614879787,-0.7218413591915996,-0.7218413591915996,-0.7218413591915996,-0.820267,-0.820267,-0.820267,0.0,0.0,0.0,0.0,0.0,0.0,0.0,0.0,0.0,-0.7068277877168672,-0.7068277877168672,-0.7068277877168672,0.00040502301781147535,0.00040502301781147535,0.00040502301781147535,0.014608548456921054,0.014608548456921054,0.014608548456921054,0.0,0.0,0.0,35.99098294076354,34.86648390023516
2020-02-24,122.76361591621257,28.989920732027638,36.015880413612976,122.76361579684287,122.76361601296969,-0.014885928526931278,-0.014885928526931278,-0.014885928526931278,-0.0020485555743423598,-0.0020485555743423598,-0.0020485555743423598,0.007158502072433857,0.007158502072433857,0.007158502072433857,0.007469996106300643,0.007469996106300643,0.007469996106300643,0.07407133368721225,0.07407133368721225,0.07407133368721225,-0.7494976522353268,-0.7494976522353268,-0.7494976522353268,0.0,0.0,0.0,0.0,0.0,0.0,-0.821263,-0.821263,-0.821263,0.0,0.0,0.0,-0.734527353222579,-0.734527353222579,-0.734527353222579,0.0005121229484697231,0.0005121229484697231,0.0005121229484697231,0.01445817606427816,0.01445817606427816,0.01445817606427816,0.0,0.0,0.0,32.59038204524368,30.067617140623167
2020-02-25,122.76326774293284,30.814825845753194,37.6867394755411,122.76326762024695,122.76326784170689,-0.014885928526931278,-0.014885928526931278,-0.014885928526931278,-0.001806827682739603,-0.001806827682739603,-0.001806827682739603,0.0014103581652587702,0.0014103581652587702,0.0014103581652587702,0.027778195021359146,0.027778195021359146,0.027778195021359146,0.07370651399996747,0.07370651399996747,0.07370651399996747,-0.7363286890230856,-0.7363286890230856,-0.7363286890230856,0.0,0.0,0.0,0.0,0.0,0.0,0.0,0.0,0.0,-0.822531,-0.822531,-0.822531,-0.7215460698688674,-0.7215460698688674,-0.7215460698688674,0.0004427348601236187,0.0004427348601236187,0.0004427348601236187,0.014339884294094527,0.014339884294094527,0.014339884294094527,0.0,0.0,0.0,34.18391437876015,34.03456425897986
2020-02-26,122.76291956965312,31.811461888423505,38.76529363343936,122.76291944323813,122.76291966983236,-0.013129686751955924,-0.013129686751955924,-0.013129686751955924,-0.0003564603331230618,-0.0003564603331230618,-0.0003564603331230618,0.0052424541033754945,0.0052424541033754945,0.0052424541033754945,0.04808639393641765,0.04808639393641765,0.04808639393641765,0.05562506323318795,0.05562506323318795,0.05562506323318795,-0.7270632358120979,-0.7270632358120979,-0.7270632358120979,0.0,0.0,0.0,0.0,0.0,0.0,0.0,0.0,0.0,-0.822531,-0.822531,-0.822531,-0.7134899026530075,-0.7134899026530075,-0.7134899026530075,-0.0006807048220118842,-0.0006807048220118842,-0.0006807048220118842,0.01425403798110231,0.01425403798110231,0.01425403798110231,0.0,0.0,0.0,35.172816036502326,35.97116463187817
2020-02-27,122.76257139637339,31.602545338398567,38.25639137906496,122.76257126770732,122.76257149640486,-0.002592236102103818,-0.002592236102103818,-0.002592236102103818,-0.0013233718995340892,-0.0013233718995340892,-0.0013233718995340892,0.009074550041492218,0.009074550041492218,0.009074550041492218,0.05316344366518227,0.05316344366518227,0.05316344366518227,0.03497329746455493,0.03497329746455493,0.03497329746455493,-0.7292353168304084,-0.7292353168304084,-0.7292353168304084,0.0,0.0,0.0,0.0,0.0,0.0,0.0,0.0,0.0,-0.822531,-0.822531,-0.822531,-0.7157638932138666,-0.7157638932138666,-0.7157638932138666,-0.0007288911000035878,-0.0007288911000035878,-0.0007288911000035878,0.014200314716545384,0.014200314716545384,0.014200314716545384,0.0,0.0,0.0,34.89355535275992,36.941492488256365
2020-02-28,122.76222322309367,32.4451406310964,39.228470237755495,122.76222309217654,122.76222332529923,-0.009617203202005223,-0.009617203202005223,-0.009617203202005223,-0.002290283465945117,-0.002290283465945117,-0.002290283465945117,0.0100325740260214,0.0100325740260214,0.0100325740260214,0.04808639393641765,0.04808639393641765,0.04808639393641765,0.05204492433161971,0.05204492433161971,0.05204492433161971,-0.7242745943738916,-0.7242745943738916,-0.7242745943738916,0.0,0.0,0.0,0.0,0.0,0.0,0.0,0.0,0.0,-0.822531,-0.822531,-0.822531,-0.7098115236478774,-0.7098115236478774,-0.7098115236478774,0.00028541777473321014,0.00028541777473321014,0.00028541777473321014,0.014177652951281008,0.014177652951281008,0.014177652951281008,0.0,0.0,0.0,35.62418251070872,33.78489901438497
2020-02-29,122.76187504981394,28.564617615155182,35.29528891100231,122.76187491664574,122.76187515419359,-0.01664217030190663,-0.01664217030190663,-0.01664217030190663,-0.0025320113575478735,-0.0025320113575478735,-0.0025320113575478735,0.009074550041492218,0.009074550041492218,0.009074550041492218,0.017624095563829895,0.017624095563829895,0.017624095563829895,0.060379020544738336,0.060379020544738336,0.060379020544738336,-0.7533595155093941,-0.7533595155093941,-0.7533595155093941,0.0,0.0,0.0,0.0,0.0,0.0,-0.821263,-0.821263,-0.821263,0.0,0.0,0.0,-0.7394110052365106,-0.7394110052365106,-0.7394110052365106,-0.0002357026791242644,-0.0002357026791242644,-0.0002357026791242644,0.014184212952007742,0.014184212952007742,0.014184212952007742,0.0,0.0,0.0,31.990393614512104,30.00032365067059
2020-03-01,122.7615268765342,25.149366373243968,31.99402946226146,122.76152674112994,122.76152698251052,-0.01839841207688198,-0.01839841207688198,-0.01839841207688198,-0.002290283465945117,-0.002290283465945117,-0.002290283465945117,0.003326406134317132,0.003326406134317132,0.003326406134317132,-0.007761153079993233,-0.007761153079993233,-0.007761153079993233,0.06455479466235993,0.06455479466235993,0.06455479466235993,-0.7818316478261432,-0.7818316478261432,-0.7818316478261432,0.0,0.0,0.0,0.0,0.0,0.0,-0.821263,-0.821263,-0.821263,0.0,0.0,0.0,-0.7672092723075794,-0.7672092723075794,-0.7672092723075794,0.0004050230178091354,0.0004050230178091354,0.0004050230178091354,0.014217352500754706,0.014217352500754706,0.014217352500754706,0.0,0.0,0.0,28.577745174221047,25.374095316789823
2020-03-02,122.76117870325447,23.032119373617373,30.013181851502175,122.76117856435592,122.76117881052299,-0.01664217030190663,-0.01664217030190663,-0.01664217030190663,-0.0008399161163285756,-0.0008399161163285756,-0.0008399161163285756,-0.0014637137883287729,-0.0014637137883287729,-0.0014637137883287729,-0.007761153079993233,-0.007761153079993233,-0.007761153079993233,0.05097049813680719,0.05097049813680719,0.05097049813680719,-0.7982674551497501,-0.7982674551497501,-0.7982674551497501,0.0,0.0,0.0,0.0,0.0,0.0,0.0,0.0,0.0,-0.822531,-0.822531,-0.822531,-0.783481713280059,-0.783481713280059,-0.783481713280059,0.0005121229484715438,0.0005121229484715438,0.0005121229484715438,0.014273618921219516,0.014273618921219516,0.014273618921219516,0.0,0.0,0.0,26.58004008854917,24.099830560043475
2020-03-03,122.76083052997474,22.417586740261402,29.367427673787347,122.76083038488255,122.76083063853545,-0.00610471965205452,-0.00610471965205452,-0.00610471965205452,0.0003687233416852087,0.0003687233416852087,0.0003687233416852087,-0.0014637137883287729,-0.0014637137883287729,-0.0014637137883287729,-0.007761153079993233,-0.007761153079993233,-0.007761153079993233,0.034683702136768246,0.034683702136768246,0.034683702136768246,-0.8028081610419231,-0.8028081610419231,-0.8028081610419231,0.0,0.0,0.0,0.0,0.0,0.0,0.0,0.0,0.0,-0.822531,-0.822531,-0.822531,-0.7880166675302364,-0.7880166675302364,-0.7880166675302364,0.00044273486012245467,0.00044273486012245467,0.00044273486012245467,0.01434875865156429,0.01434875865156429,0.01434875865156429,0.0,0.0,0.0,26.023249952499945,24.269670281336342
2020-03-04,122.76048235669501,21.777462550285218,28.721311818366043,122.76048220934905,122.76048246654794,0.0026764892228222357,0.0026764892228222357,0.0026764892228222357,0.0003687233416852087,0.0003687233416852087,0.0003687233416852087,-0.0014637137883287729,-0.0014637137883287729,-0.0014637137883287729,-0.002684103351228607,-0.002684103351228607,-0.002684103351228607,0.014774880173300397,0.014774880173300397,0.014774880173300397,-0.8088587244017494,-0.8088587244017494,-0.8088587244017494,0.0,0.0,0.0,0.0,0.0,0.0,0.0,0.0,0.0,-0.822531,-0.822531,-0.822531,-0.7951016840527683,-0.7951016840527683,-0.7951016840527683,-0.0006807048220093044,-0.0006807048220093044,-0.0006807048220093044,0.014437745170990553,0.014437745170990553,0.014437745170990553,0.0,0.0,0.0,25.15341609975666,22.65473100492491
2020-03-05,122.76013418341527,21.251973998038192,28.075660059222326,122.76013403292691,122.76013429652586,0.0026764892228222357,0.0026764892228222357,0.0026764892228222357,0.0003687233416852087,0.0003687233416852087,0.0003687233416852087,-0.000505689803799592,-0.000505689803799592,-0.000505689803799592,-0.002684103351228607,-0.002684103351228607,-0.002684103351228607,0.00929112356954809,0.00929112356954809,0.00929112356954809,-0.8133844570209726,-0.8133844570209726,-0.8133844570209726,0.0,0.0,0.0,0.0,0.0,0.0,0.0,0.0,0.0,-0.822531,-0.822531,-0.822531,-0.7995785224838737,-0.7995785224838737,-0.7995785224838737,-0.0007288911000034806,-0.0007288911000034806,-0.0007288911000034806,0.0145348256371024,0.0145348256371024,0.0145348256371024,0.0,0.0,0.0,24.60376747311801,20.749347525356832
2020-03-06,122.75978601013556,19.232427945118452,26.4531870588725,122.75978585747536,122.75978612703022,0.0026764892228222357,0.0026764892228222357,0.0026764892228222357,0.00012699545008245189,0.00012699545008245189,0.00012699545008245189,-0.000505689803799592,-0.000505689803799592,-0.000505689803799592,-0.01791525253752248,-0.01791525253752248,-0.01791525253752248,0.010022023241918613,0.010022023241918613,0.010022023241918613,-0.8281264344264988,-0.8281264344264988,-0.8281264344264988,0.0,0.0,0.0,0.0,0.0,0.0,0.0,0.0,0.0,-0.822531,-0.822531,-0.822531,-0.8132074305368846,-0.8132074305368846,-0.8132074305368846,0.0002854177747325608,0.0002854177747325608,0.0002854177747325608,0.014633586114881608,0.014633586114881608,0.014633586114881608,0.0,0.0,0.0,22.93061585557543,20.099495548848836
2020-03-07,122.75943783685582,17.58314437633888,24.57916653110598,122.75943768206912,122.7594379566323,0.0009202474478468846,0.0009202474478468846,0.0009202474478468846,0.00012699545008245189,0.00012699545008245189,0.00012699545008245189,-0.0033797617573871354,-0.0033797617573871354,-0.0033797617573871354,-0.02299230226628711,-0.02299230226628711,-0.02299230226628711,0.003072185011837971,0.003072185011837971,0.003072185011837971,-0.8435156361139069,-0.8435156361139069,-0.8435156361139069,0.0,0.0,0.0,0.0,0.0,0.0,-0.821263,-0.821263,-0.821263,0.0,0.0,0.0,-0.8290243040043975,-0.8290243040043975,-0.8290243040043975,-0.0002357026791245009,-0.0002357026791245009,-0.0002357026791245009,0.014727034788633903,0.014727034788633903,0.014727034788633903,0.0,0.0,0.0,20.98888032418532,18.893876117319834
2020-03-08,122.7590896635761,19.07410172937131,26.1614273376289,122.75908950669312,122.7590897855434,0.0009202474478468846,0.0009202474478468846,0.0009202474478468846,0.0008521791248907224,0.0008521791248907224,0.0008521791248907224,-0.004337785741916317,-0.004337785741916317,-0.004337785741916317,-0.002684103351228607,-0.002684103351228607,-0.002684103351228607,-0.005127570324283184,-0.005127570324283184,-0.005127570324283184,-0.8306440328446905,-0.8306440328446905,-0.8306440328446905,-0.820267,-0.820267,-0.820267,0.0,0.0,0.0,0.0,0.0,0.0,0.0,0.0,0.0,-0.8154313077677399,-0.8154313077677399,-0.8154313077677399,0.00040502301780991274,0.00040502301780991274,0.00040502301780991274,0.014807702059140676,0.014807702059140676,0.014807702059140676,0.0,0.0,0.0,22.657484638829004,20.9762647994212
2020-03-09,122.75874149029637,21.819246969681146,28.738339638999204,122.7587413313171,122.75874161439005,0.006188972772772939,0.006188972772772939,0.006188972772772939,0.0010939070164934792,0.0010939070164934792,0.0010939070164934792,-0.000505689803799592,-0.000505689803799592,-0.000505689803799592,0.01254704583506527,0.01254704583506527,0.01254704583506527,-0.007924186999719168,-0.007924186999719168,-0.007924186999719168,-0.809862951179187,-0.809862951179187,-0.809862951179187,0.0,0.0,0.0,0.0,0.0,0.0,-0.821263,-0.821263,-0.821263,0.0,0.0,0.0,-0.7944830722775809,-0.7944830722775809,-0.7944830722775809,0.0005121229484695189,0.0005121229484695189,0.0005121229484695189,0.01486775595313668,0.01486775595313668,0.01486775595313668,0.0,0.0,0.0,25.228999402156376,23.6632805285452
2020-03-10,122.75839331701664,20.716970437300663,27.774209092523193,122.75839315594109,122.75839344258033,0.00794521454774829,0.00794521454774829,0.00794521454774829,0.00012699545008245189,0.00012699545008245189,0.00012699545008245189,0.002368382149787951,0.002368382149787951,0.002368382149787951,0.007469996106300643,0.007469996106300643,0.007469996106300643,-0.013112530696942917,-0.013112530696942917,-0.013112530696942917,-0.8177329424430236,-0.8177329424430236,-0.8177329424430236,0.0,0.0,0.0,0.0,0.0,0.0,0.0,0.0,0.0,-0.822531,-0.822531,-0.822531,-0.8023910767582328,-0.8023910767582328,-0.8023910767582328,0.00044273486012129056,0.00044273486012129056,0.00044273486012129056,0.01489913082466946,0.01489913082466946,0.01489913082466946,0.0,0.0,0.0,24.258153922265002,22.184747763370755
2020-03-11,122.75804514373691,20.988970233351953,27.57279354671378,122.75804498056506,122.75804527077061,0.0009202474478468846,0.0009202474478468846,0.0009202474478468846,-0.0005981882247258187,-0.0005981882247258187,-0.0005981882247258187,0.0014103581652587702,0.0014103581652587702,0.0014103581652587702,0.007469996106300643,0.007469996106300643,0.007469996106300643,-0.004151039274854137,-0.004151039274854137,-0.004151039274854137,-0.8174796257801736,-0.8174796257801736,-0.8174796257801736,0.0,0.0,0.0,0.0,0.0,0.0,0.0,0.0,0.0,-0.822531,-0.822531,-0.822531,-0.8032666636811088,-0.8032666636811088,-0.8032666636811088,-0.000680704822011311,-0.000680704822011311,-0.000680704822011311,0.014893666921076187,0.014893666921076187,0.014893666921076187,0.0,0.0,0.0,24.150599781112426,25.493431010222853
2020-03-12,122.75769697045718,24.095491749292588,30.80818985895967,122.75769680492438,122.7576970989609,-0.00434847787707917,-0.00434847787707917,-0.00434847787707917,-0.0003564603331230618,-0.0003564603331230618,-0.0003564603331230618,0.0014103581652587702,0.0014103581652587702,0.0014103581652587702,0.027778195021359146,0.027778195021359146,0.027778195021359146,0.007412444821334484,0.007412444821334484,0.007412444821334484,-0.7906349402022499,-0.7906349402022499,-0.7906349402022499,0.0,0.0,0.0,0.0,0.0,0.0,0.0,0.0,0.0,-0.822531,-0.822531,-0.822531,-0.7765205732701697,-0.7765205732701697,-0.7765205732701697,-0.0007288911000016163,-0.0007288911000016163,-0.0007288911000016163,0.014843258032081794,0.014843258032081794,0.014843258032081794,0.0,0.0,0.0,27.433819745632,32.724674324419404
2020-03-13,122.75734879717744,28.892261639050872,35.69693870679305,122.7573486287447,122.75734892905169,-0.002592236102103818,-0.002592236102103818,-0.002592236102103818,-0.0003564603331230618,-0.0003564603331230618,-0.0003564603331230618,0.0052424541033754945,0.0052424541033754945,0.0052424541033754945,0.06839459285147614,0.06839459285147614,0.06839459285147614,0.0010496275402602396,0.0010496275402602396,0.0010496275402602396,-0.750793021940115,-0.750793021940115,-0.750793021940115,0.0,0.0,0.0,0.0,0.0,0.0,0.0,0.0,0.0,-0.822531,-0.822531,-0.822531,-0.735767600015333,-0.735767600015333,-0.735767600015333,0.0002854177747342699,0.0002854177747342699,0.0002854177747342699,0.014740004150047677,0.014740004150047677,0.014740004150047677,0.0,0.0,0.0,32.43646888843307,36.54128444798165
2020-03-14,122.75700062389771,31.73012729840155,38.34367717302294,122.7570004526022,122.75700075904221,-0.002592236102103818,-0.002592236102103818,-0.002592236102103818,-0.0013233718995340892,-0.0013233718995340892,-0.0013233718995340892,0.012906645979608942,0.012906645979608942,0.012906645979608942,0.06839459285147614,0.06839459285147614,0.06839459285147614,0.015288437417556037,0.015288437417556037,0.015288437417556037,-0.7285889317529968,-0.7285889317529968,-0.7285889317529968,0.0,0.0,0.0,0.0,0.0,0.0,-0.821263,-0.821263,-0.821263,0.0,0.0,0.0,-0.7142482685804064,-0.7142482685804064,-0.7142482685804064,-0.0002357026791247374,-0.0002357026791247374,-0.0002357026791247374,0.014576365851715139,0.014576365851715139,0.014576365851715139,0.0,0.0,0.0,35.078025472154906,37.91960122742525
2020-03-15,122.75665245061799,33.475753843893834,39.92277076373997,122.75665227751857,122.75665258799769,-0.009617203202005223,-0.009617203202005223,-0.009617203202005223,-0.0032571950323561443,-0.0032571950323561443,-0.0032571950323561443,0.012906645979608942,0.012906645979608942,0.012906645979608942,0.05824049339394689,0.05824049339394689,0.05824049339394689,0.04640785594311962,0.04640785594311962,0.04640785594311962,-0.7165824029176859,-0.7165824029176859,-0.7165824029176859,0.0,0.0,0.0,0.0,0.0,0.0,-0.821263,-0.821263,-0.821263,0.0,0.0,0.0,-0.7018320629255617,-0.7018320629255617,-0.7018320629255617,0.00040502301780965714,0.00040502301780965714,0.00040502301780965714,0.014345316974314525,0.014345316974314525,0.014345316974314525,0.0,0.0,0.0,36.60209782336456,38.730079299766885
2020-03-16,122.75630427733827,32.454832428539554,39.22107423048637,122.75630410243492,122.7563044169462,-0.023667137401808036,-0.023667137401808036,-0.023667137401808036,-0.0032571950323561443,-0.0032571950323561443,-0.0032571950323561443,0.01099059801055058,0.01099059801055058,0.01099059801055058,0.05316344366518227,0.05316344366518227,0.05316344366518227,0.06283251248190086,0.06283251248190086,0.06283251248190086,-0.7224687782765304,-0.7224687782765304,-0.7224687782765304,0.0,0.0,0.0,0.0,0.0,0.0,0.0,0.0,0.0,-0.822531,-0.822531,-0.822531,-0.7079161632210634,-0.7079161632210634,-0.7079161632210634,0.0005121229484700413,0.0005121229484700413,0.0005121229484700413,0.01404049210699705,0.01404049210699705,0.01404049210699705,0.0,0.0,0.0,35.85513234212755,37.700391015844644
2020-03-17,122.75595610405854,31.074136546122237,37.94907572842415,122.75595592632838,122.75595624584884,-0.023667137401808036,-0.023667137401808036,-0.023667137401808036,-0.0027737392491506306,-0.0027737392491506306,-0.0027737392491506306,0.0100325740260214,0.0100325740260214,0.0100325740260214,0.03793229447888839,0.03793229447888839,0.03793229447888839,0.06876405355397414,0.06876405355397414,0.06876405355397414,-0.7322429545920748,-0.7322429545920748,-0.7322429545920748,0.0,0.0,0.0,0.0,0.0,0.0,0.0,0.0,0.0,-0.822531,-0.822531,-0.822531,-0.7181438942769502,-0.7181438942769502,-0.7181438942769502,0.0004427348601219498,0.0004427348601219498,0.0004427348601219498,0.013656325455002581,0.013656325455002581,0.013656325455002581,0.0,0.0,0.0,34.59951574179958,32.897705145350216
2020-03-18,122.75560793077881,30.232598599055898,37.14232497282545,122.75560774825196,122.7556080750187,-0.020154653851857333,-0.020154653851857333,-0.020154653851857333,-0.0025320113575478735,-0.0025320113575478735,-0.0025320113575478735,0.007158502072433857,0.007158502072433857,0.007158502072433857,0.027778195021359146,0.027778195021359146,0.027778195021359146,0.07225191936668657,0.07225191936668657,0.07225191936668657,-0.7380290487489256,-0.7380290487489256,-0.7380290487489256,0.0,0.0,0.0,0.0,0.0,0.0,0.0,0.0,0.0,-0.822531,-0.822531,-0.822531,-0.7255215758113316,-0.7255215758113316,-0.7255215758113316,-0.0006807048220093438,-0.0006807048220093438,-0.0006807048220093438,0.0131881777596034,0.0131881777596034,0.0131881777596034,0.0,0.0,0.0,33.693765825162174,29.846728756240058
2020-03-19,122.75525975749908,28.45412904601058,35.35650496347624,122.75525957301593,122.75525990363867,-0.01839841207688198,-0.01839841207688198,-0.01839841207688198,-0.001806827682739603,-0.001806827682739603,-0.001806827682739603,0.0052424541033754945,0.0052424541033754945,0.0052424541033754945,0.017624095563829895,0.017624095563829895,0.017624095563829895,0.06782068959526712,0.06782068959526712,0.06782068959526712,-0.7520490004971491,-0.7520490004971491,-0.7520490004971491,0.0,0.0,0.0,0.0,0.0,0.0,0.0,0.0,0.0,-0.822531,-0.822531,-0.822531,-0.7401454434276304,-0.7401454434276304,-0.7401454434276304,-0.0007288910999997519,-0.0007288910999997519,-0.0007288910999997519,0.012632448169518338,0.012632448169518338,0.012632448169518338,0.0,0.0,0.0,31.898513591210964,27.24785812193135
2020-03-20,122.75491158421934,27.978439733202837,34.637022834394244,122.7549113977799,122.75491173255678,-0.013129686751955924,-0.013129686751955924,-0.013129686751955924,-0.0013233718995340892,-0.0013233718995340892,-0.0013233718995340892,0.003326406134317132,0.003326406134317132,0.003326406134317132,0.027778195021359146,0.027778195021359146,0.027778195021359146,0.047152488408161504,0.047152488408161504,0.047152488408161504,-0.7587269690876524,-0.7587269690876524,-0.7587269690876524,0.0,0.0,0.0,0.0,0.0,0.0,0.0,0.0,0.0,-0.822531,-0.822531,-0.822531,-0.7464548830576642,-0.7464548830576642,-0.7464548830576642,0.0002854177747321808,0.0002854177747321808,0.0002854177747321808,0.011986668255256,0.011986668255256,0.011986668255256,0.0,0.0,0.0,31.12390841286699,30.26640999171893
2020-03-21,122.75456341093961,30.532731232381465,37.45265006986483,122.75456322254388,122.75456356145942,-0.009617203202005223,-0.009617203202005223,-0.009617203202005223,-0.0008399161163285756,-0.0008399161163285756,-0.0008399161163285756,0.0052424541033754945,0.0052424541033754945,0.0052424541033754945,0.05824049339394689,0.05824049339394689,0.05824049339394689,0.034022711544211395,0.034022711544211395,0.034022711544211395,-0.7342144602767999,-0.7342144602767999,-0.7342144602767999,0.0,0.0,0.0,0.0,0.0,0.0,-0.821263,-0.821263,-0.821263,0.0,0.0,0.0,-0.723200587226145,-0.723200587226145,-0.723200587226145,-0.00023570267912497385,-0.00023570267912497385,-0.00023570267912497385,0.011249575729779948,0.011249575729779948,0.011249575729779948,0.0,0.0,0.0,33.97839106745903,36.9352062307023
2020-03-22,122.75421523765988,27.2413582625683,33.82772919464769,122.75421504730785,122.75421538998187,-0.00610471965205452,-0.00610471965205452,-0.00610471965205452,-0.0013233718995340892,-0.0013233718995340892,-0.0013233718995340892,0.01099059801055058,0.01099059801055058,0.01099059801055058,0.032855244750123774,0.032855244750123774,0.032855244750123774,0.022838556973714074,0.022838556973714074,0.022838556973714074,-0.7620066918172002,-0.7620066918172002,-0.7620066918172002,0.0,0.0,0.0,0.0,0.0,0.0,-0.821263,-0.821263,-0.821263,0.0,0.0,0.0,-0.7511805029208097,-0.7511805029208097,-0.7511805029208097,0.0004050230178104345,0.0004050230178104345,0.0004050230178104345,0.010421165878579977,0.010421165878579977,0.010421165878579977,0.0,0.0,0.0,30.543642099785206,33.6237166434205
2020-03-23,122.75386706438015,26.75289320481909,33.55254442890781,122.75386687103507,122.75386721831755,-0.009617203202005223,-0.009617203202005223,-0.009617203202005223,-0.0027737392491506306,-0.0027737392491506306,-0.0027737392491506306,0.0062004780879046754,0.0062004780879046754,0.0062004780879046754,0.027778195021359146,0.027778195021359146,0.027778195021359146,0.035828795981800776,0.035828795981800776,0.035828795981800776,-0.7651144733600912,-0.7651144733600912,-0.7651144733600912,0.0,0.0,0.0,0.0,0.0,0.0,0.0,0.0,0.0,-0.822531,-0.822531,-0.822531,-0.7550996312128608,-0.7550996312128608,-0.7550996312128608,0.0005121229484692652,0.0005121229484692652,0.0005121229484692652,0.009502719198761077,0.009502719198761077,0.009502719198761077,0.0,0.0,0.0,30.062467314114155,30.09108001653404
2020-03-24,122.75351889110043,27.504225144949118,34.41563191094364,122.75351869405979,122.75351904665322,-0.020154653851857333,-0.020154653851857333,-0.020154653851857333,-0.0015650997911368463,-0.0015650997911368463,-0.0015650997911368463,0.0052424541033754945,0.0052424541033754945,0.0052424541033754945,0.017624095563829895,0.017624095563829895,0.017624095563829895,0.06452774195907163,0.06452774195907163,0.06452774195907163,-0.7568564620167171,-0.7568564620167171,-0.7568564620167171,0.0,0.0,0.0,0.0,0.0,0.0,0.0,0.0,0.0,-0.822531,-0.822531,-0.822531,-0.7479169228686364,-0.7479169228686364,-0.7479169228686364,0.00044273486011896246,0.00044273486011896246,0.00044273486011896246,0.008496804287961648,0.008496804287961648,0.008496804287961648,0.0,0.0,0.0,30.944084770771564,27.265756836018635
2020-03-25,122.75317071782071,25.01610637603727,32.21320957549423,122.75317051708453,122.75317087498891,-0.011373444976980574,-0.011373444976980574,-0.011373444976980574,-0.0013233718995340892,-0.0013233718995340892,-0.0013233718995340892,0.003326406134317132,0.003326406134317132,0.003326406134317132,0.007469996106300643,0.007469996106300643,0.007469996106300643,0.050276855087742774,0.050276855087742774,0.050276855087742774,-0.7741545595481542,-0.7741545595481542,-0.7741545595481542,0.0,0.0,0.0,0.0,0.0,0.0,0.0,0.0,0.0,-0.822531,-0.822531,-0.822531,-0.7674280087740963,-0.7674280087740963,-0.7674280087740963,-0.0006807048220067641,-0.0006807048220067641,-0.0006807048220067641,0.007407255596064485,0.007407255596064485,0.007407255596064485,0.0,0.0,0.0,28.54894934313685,23.83977606937362
2020-03-26,122.75282254454098,23.426167604007873,29.838112040099315,122.75282234010925,122.75282270332458,-0.009617203202005223,-0.009617203202005223,-0.009617203202005223,-0.0008399161163285756,-0.0008399161163285756,-0.0008399161163285756,0.0014103581652587702,0.0014103581652587702,0.0014103581652587702,0.007469996106300643,0.007469996106300643,0.007469996106300643,0.035074269181804486,0.035074269181804486,0.035074269181804486,-0.7890334958649698,-0.7890334958649698,-0.7890334958649698,0.0,0.0,0.0,0.0,0.0,0.0,0.0,0.0,0.0,-0.822531,-0.822531,-0.822531,-0.7835232607238304,-0.7835232607238304,-0.7835232607238304,-0.0007288911000014018,-0.0007288911000014018,-0.0007288911000014018,0.00623912624114082,0.00623912624114082,0.00623912624114082,0.0,0.0,0.0,26.573130761388512,23.06088483167161
2020-03-27,122.75247437126124,22.859857173724404,29.88629110741539,122.75247416313397,122.75247453166024,-0.00610471965205452,-0.00610471965205452,-0.00610471965205452,-0.0003564603331230618,-0.0003564603331230618,-0.0003564603331230618,0.0014103581652587702,0.0014103581652587702,0.0014103581652587702,0.01254704583506527,0.01254704583506527,0.01254704583506527,0.022915583502977458,0.022915583502977458,0.022915583502977458,-0.7921191924818761,-0.7921191924818761,-0.7921191924818761,0.0,0.0,0.0,0.0,0.0,0.0,0.0,0.0,0.0,-0.822531,-0.822531,-0.822531,-0.7868351580263303,-0.7868351580263303,-0.7868351580263303,0.00028541777473271054,0.00028541777473271054,0.00028541777473271054,0.004998616680813045,0.004998616680813045,0.004998616680813045,0.0,0.0,0.0,26.166511801226843,24.62884062873219
2020-03-28,122.75212619798151,20.599742606635143,27.701399499303804,122.75212598615869,122.75212636141862,-0.002592236102103818,-0.002592236102103818,-0.002592236102103818,-0.0003564603331230618,-0.0003564603331230618,-0.0003564603331230618,0.002368382149787951,0.002368382149787951,0.002368382149787951,0.007469996106300643,0.007469996106300643,0.007469996106300643,0.008171987594864505,0.008171987594864505,0.008171987594864505,-0.8062013305842738,-0.8062013305842738,-0.8062013305842738,0.0,0.0,0.0,0.0,0.0,0.0,-0.821263,-0.821263,-0.821263,0.0,0.0,0.0,-0.8027440526577949,-0.8027440526577949,-0.8027440526577949,-0.00023570267912484264,-0.00023570267912484264,-0.00023570267912484264,0.0036929806056036217,0.0036929806056036217,0.0036929806056036217,0.0,0.0,0.0,24.213586941452753,23.928936606129938
